"offence";"region";"2011";"2012";"2013";"2014";"2015";"2016";"2017";"2018";"2019";"2020";"2021";"2022";"2023";"2024"
"Nature of the offence, total";"All Denmark";139082;147151;129248;137902;127942;130356;127704;123216;123546;121753;100875;104717;113394;104787
"Nature of the offence, total";"Region Hovedstaden";50946;57442;51849;55260;51606;52649;55122;46855;46235;48975;37627;37261;43775;40832
"Nature of the offence, total";"Copenhagen";24581;27093;25980;26011;25035;26085;28402;22448;22640;25070;17747;18453;22274;20403
"Nature of the offence, total";"Frederiksberg";2303;2762;2609;2519;2459;2357;2109;2208;1800;2128;1842;1739;2278;1959
"Nature of the offence, total";"Drag�r";156;192;200;143;146;172;147;191;142;190;169;142;124;116
"Nature of the offence, total";"T�rnby";1538;1823;1770;2135;1705;2493;2273;2081;2081;1895;942;1167;1397;1471
"Nature of the offence, total";"Albertslund";784;818;736;825;770;703;917;567;605;651;620;475;569;574
"Nature of the offence, total";"Ballerup";1194;1218;1052;1317;1137;1055;1135;1096;1016;1015;823;786;836;864
"Nature of the offence, total";"Br�ndby";748;1030;884;1037;930;875;839;721;896;767;620;761;732;641
"Nature of the offence, total";"Gentofte";1539;1658;1591;1460;1509;1423;1728;1552;1388;1429;1111;1130;1092;1160
"Nature of the offence, total";"Gladsaxe";1323;1264;1271;1356;1325;1574;1332;1109;1247;1127;886;913;1045;1013
"Nature of the offence, total";"Glostrup";603;694;612;715;748;732;845;671;694;681;575;504;539;762
"Nature of the offence, total";"Herlev";697;775;675;826;906;732;667;733;718;891;523;489;520;646
"Nature of the offence, total";"Hvidovre";1228;1140;1222;1487;1330;1165;1197;1162;1154;991;1466;892;1017;888
"Nature of the offence, total";"H�je-Taastrup";1243;1113;1167;1164;1209;1198;1367;1113;1124;1251;1402;945;1153;1005
"Nature of the offence, total";"Ish�j";547;569;497;614;556;551;563;493;511;594;626;406;441;481
"Nature of the offence, total";"Lyngby-Taarb�k";1317;1378;1349;1214;1324;1294;1167;1220;1369;1092;846;966;940;1000
"Nature of the offence, total";"R�dovre";996;1080;927;1091;963;1041;912;924;875;863;871;723;957;757
"Nature of the offence, total";"Vallensb�k";258;327;220;289;261;230;252;235;253;228;203;190;177;218
"Nature of the offence, total";"Aller�d";561;1674;520;1572;1042;1035;1000;590;501;507;233;321;410;336
"Nature of the offence, total";"Egedal";680;661;481;612;429;656;474;460;510;432;402;365;489;448
"Nature of the offence, total";"Fredensborg";683;689;756;738;722;620;585;476;479;459;419;415;473;482
"Nature of the offence, total";"Frederikssund";816;821;715;1123;766;679;783;674;771;779;667;601;661;565
"Nature of the offence, total";"Fures�";940;743;648;691;658;613;752;618;534;462;408;437;544;643
"Nature of the offence, total";"Gribskov";665;740;699;700;803;584;686;625;655;671;594;547;606;570
"Nature of the offence, total";"Halsn�s";714;835;625;650;565;515;543;599;546;492;406;445;432;368
"Nature of the offence, total";"Helsing�r";1834;1657;1773;1972;1358;1378;1389;1460;1123;1293;1032;1018;1346;1129
"Nature of the offence, total";"Hiller�d";979;2650;1131;1043;995;972;988;786;913;920;784;885;1014;831
"Nature of the offence, total";"H�rsholm";481;409;457;438;444;509;529;521;417;731;299;396;529;370
"Nature of the offence, total";"Rudersdal";1054;1183;943;919;998;951;1176;1040;876;1007;764;712;755;762
"Nature of the offence, total";"Bornholm";484;446;339;599;513;456;365;482;397;359;347;438;425;370
"Nature of the offence, total";"Christians�";0;0;0;0;0;1;0;0;0;0;0;0;0;0
"Nature of the offence, total";"Region Sj�lland";18511;18443;15546;17456;15725;17765;16020;14731;15494;13906;11732;13848;12042;11176
"Nature of the offence, total";"Greve";1395;1257;1029;1345;999;1008;873;815;900;927;650;738;762;710
"Nature of the offence, total";"K�ge";1625;1669;1179;1570;1235;1115;1252;1162;913;1011;907;938;831;816
"Nature of the offence, total";"Lejre";426;379;318;441;274;296;286;312;421;242;201;199;249;289
"Nature of the offence, total";"Roskilde";1849;1944;1765;1885;1766;1815;1827;1590;1754;1581;1193;1381;1329;1365
"Nature of the offence, total";"Solr�d";453;394;320;426;343;278;306;338;364;313;241;274;282;245
"Nature of the offence, total";"Faxe";759;666;538;589;577;648;523;563;559;452;405;382;619;336
"Nature of the offence, total";"Guldborgsund";1284;1277;1274;1322;1268;1204;1121;1097;1223;1265;833;851;910;865
"Nature of the offence, total";"Holb�k";1333;1520;1285;1299;1144;1241;1231;1241;1146;1100;979;898;887;841
"Nature of the offence, total";"Kalundborg";1062;993;806;921;810;701;780;750;717;880;521;514;610;598
"Nature of the offence, total";"Lolland";1199;1131;903;1208;957;2270;1154;989;1217;1042;639;3054;783;671
"Nature of the offence, total";"N�stved";1634;1758;1408;1566;1631;1454;1668;1329;1926;1255;2088;1039;1269;1013
"Nature of the offence, total";"Odsherred";697;781;620;739;499;532;636;699;631;593;408;445;582;480
"Nature of the offence, total";"Ringsted";742;752;672;680;723;759;656;697;547;518;489;467;454;582
"Nature of the offence, total";"Slagelse";2115;2218;1924;1884;1847;2861;1931;1742;1768;1495;1232;1257;1341;1395
"Nature of the offence, total";"Sor�";680;543;497;507;609;527;681;553;436;429;307;415;303;290
"Nature of the offence, total";"Stevns";288;218;249;279;231;224;221;177;258;175;134;254;246;185
"Nature of the offence, total";"Vordingborg";970;943;759;795;812;832;874;677;714;628;505;742;585;495
"Nature of the offence, total";"Region Syddanmark";27900;28334;24584;25506;23534;22491;20902;21253;21701;20057;17883;17826;18438;17565
"Nature of the offence, total";"Assens";712;568;566;678;534;511;454;439;498;592;598;400;414;390
"Nature of the offence, total";"Faaborg-Midtfyn";730;800;744;580;766;516;592;607;652;467;605;515;518;525
"Nature of the offence, total";"Kerteminde";307;355;366;360;280;264;197;208;293;185;198;289;185;197
"Nature of the offence, total";"Langeland";160;195;202;136;172;140;135;138;179;93;117;138;211;126
"Nature of the offence, total";"Middelfart";921;767;747;624;711;524;498;578;540;551;505;550;451;496
"Nature of the offence, total";"Nordfyns";500;505;434;383;412;294;456;315;433;326;334;309;262;359
"Nature of the offence, total";"Nyborg";726;700;663;550;591;523;595;565;521;450;561;508;434;428
"Nature of the offence, total";"Odense";5650;6031;5211;5682;5043;4509;3966;4086;3962;4220;3791;3413;4019;3599
"Nature of the offence, total";"Svendborg";1055;1114;924;1010;899;766;714;948;896;893;669;826;818;723
"Nature of the offence, total";"�r�";40;29;44;48;32;23;48;86;85;33;38;28;31;32
"Nature of the offence, total";"Billund";622;624;599;539;419;499;405;469;525;532;338;564;425;446
"Nature of the offence, total";"Esbjerg";2972;3079;2553;2466;2481;2383;2125;2140;2433;2372;1970;1888;2025;2053
"Nature of the offence, total";"Fan�";46;34;34;47;34;25;38;36;49;20;44;34;32;34
"Nature of the offence, total";"Fredericia";1601;1636;1316;1794;1542;1295;1418;1385;1156;1094;975;1080;1111;985
"Nature of the offence, total";"Haderslev";1257;1068;1235;1142;1314;1099;1065;852;851;754;660;695;690;710
"Nature of the offence, total";"Kolding";2251;2311;1876;2010;1940;2113;1874;2298;1953;1579;1247;1478;1429;1593
"Nature of the offence, total";"S�nderborg";1572;1543;1182;1486;1204;1083;1108;1119;1136;849;847;823;1046;929
"Nature of the offence, total";"T�nder";816;817;699;717;612;639;497;550;759;630;519;449;496;532
"Nature of the offence, total";"Varde";1117;892;819;789;689;698;693;696;699;697;496;512;542;510
"Nature of the offence, total";"Vejen";988;786;806;841;573;551;558;445;568;585;468;446;498;376
"Nature of the offence, total";"Vejle";2460;2755;2133;2172;1921;2013;1952;1903;2104;1799;1361;1686;1721;1692
"Nature of the offence, total";"Aabenraa";1397;1725;1431;1452;1365;2023;1514;1390;1409;1336;1542;1195;1080;830
"Nature of the offence, total";"Region Midtjylland";27744;28382;24938;25220;22565;22189;21915;23755;22724;21609;17443;20176;20426;18614
"Nature of the offence, total";"Favrskov";739;744;606;601;480;517;498;547;478;510;375;352;463;415
"Nature of the offence, total";"Hedensted";609;755;635;552;426;587;627;552;563;430;398;420;514;374
"Nature of the offence, total";"Horsens";2058;2404;1762;1884;1413;1591;1459;1715;1472;1287;1165;1493;1389;1336
"Nature of the offence, total";"Norddjurs";784;674;581;589;595;552;862;458;647;481;500;405;427;469
"Nature of the offence, total";"Odder";325;305;362;260;232;206;261;286;218;196;170;165;227;186
"Nature of the offence, total";"Randers";2604;2180;1951;2091;1866;1840;1632;2102;1702;1915;1521;1401;1766;1400
"Nature of the offence, total";"Sams�";30;43;36;23;22;20;45;30;29;35;25;29;31;27
"Nature of the offence, total";"Silkeborg";1603;1611;1514;1387;1252;1340;1017;1333;1429;1153;939;998;947;1131
"Nature of the offence, total";"Skanderborg";852;996;1001;1026;696;778;733;778;631;539;515;574;532;495
"Nature of the offence, total";"Syddjurs";770;623;594;759;612;567;649;474;533;409;608;357;437;420
"Nature of the offence, total";"Aarhus";9869;10638;9477;9455;9198;8269;8064;8152;7789;7050;6598;7928;8057;7275
"Nature of the offence, total";"Herning";1548;1588;1578;1502;1313;1490;1497;1414;1598;1504;1043;1304;1294;1120
"Nature of the offence, total";"Holstebro";1047;1104;983;1042;894;833;848;1062;945;915;729;834;805;820
"Nature of the offence, total";"Ikast-Brande";896;794;700;590;528;531;732;1921;1824;2089;575;743;1077;731
"Nature of the offence, total";"Lemvig";285;253;177;169;171;156;154;159;179;174;151;140;137;122
"Nature of the offence, total";"Ringk�bing-Skjern";991;884;794;747;657;643;604;643;566;511;456;518;470;446
"Nature of the offence, total";"Skive";740;838;684;736;549;640;518;617;580;838;477;458;475;458
"Nature of the offence, total";"Struer";241;325;239;273;218;315;244;248;196;290;205;228;255;183
"Nature of the offence, total";"Viborg";1753;1623;1264;1534;1443;1314;1471;1264;1345;1283;993;1829;1123;1206
"Nature of the offence, total";"Region Nordjylland";11909;12432;10308;11198;9681;9695;8532;10003;9462;8151;6285;6626;7141;6864
"Nature of the offence, total";"Br�nderslev";619;593;449;491;540;421;350;496;417;371;382;299;390;313
"Nature of the offence, total";"Frederikshavn";1299;1201;890;956;861;945;895;961;1548;809;592;615;653;636
"Nature of the offence, total";"Hj�rring";1176;1220;879;1053;968;1081;864;1020;903;843;612;695;763;651
"Nature of the offence, total";"Jammerbugt";680;661;544;597;450;432;414;517;509;424;421;359;305;322
"Nature of the offence, total";"L�s�";6;23;6;8;1;11;7;6;19;6;5;4;4;11
"Nature of the offence, total";"Mariagerfjord";840;886;653;811;657;644;556;571;618;618;499;533;411;401
"Nature of the offence, total";"Mors�";311;264;320;248;246;240;255;416;285;204;181;180;219;166
"Nature of the offence, total";"Rebild";456;432;443;416;344;351;328;283;298;308;255;258;229;237
"Nature of the offence, total";"Thisted";619;730;649;650;523;553;479;506;571;504;371;500;394;337
"Nature of the offence, total";"Vesthimmerlands";768;668;684;799;575;631;491;553;458;441;429;443;346;387
"Nature of the offence, total";"Aalborg";5135;5754;4791;5169;4516;4386;3893;4674;3836;3623;2538;2740;3427;3403
"Nature of the offence, total";"Unknown municipality";2072;2118;2023;3262;4831;5567;5213;6619;7930;9055;9905;8980;11572;9736
"Sexual offenses, total";"All Denmark";673;671;557;590;595;720;1048;1010;1256;1366;1728;2149;2170;2011
"Sexual offenses, total";"Region Hovedstaden";141;190;159;161;148;242;481;306;327;371;335;583;450;541
"Sexual offenses, total";"Copenhagen";32;57;51;58;64;127;98;108;126;163;136;327;158;212
"Sexual offenses, total";"Frederiksberg";4;9;3;3;3;11;24;11;14;8;16;15;17;37
"Sexual offenses, total";"Drag�r";0;1;0;0;0;2;0;2;5;1;1;1;4;3
"Sexual offenses, total";"T�rnby";4;0;3;7;6;2;4;7;7;12;13;6;4;2
"Sexual offenses, total";"Albertslund";5;6;3;4;4;2;4;7;14;7;2;7;6;6
"Sexual offenses, total";"Ballerup";1;7;2;8;4;5;5;12;9;8;7;5;7;23
"Sexual offenses, total";"Br�ndby";6;21;1;4;5;2;3;6;6;4;6;1;8;12
"Sexual offenses, total";"Gentofte";2;10;5;4;8;9;4;7;26;7;11;13;11;11
"Sexual offenses, total";"Gladsaxe";4;4;3;3;8;4;9;7;5;4;9;10;15;12
"Sexual offenses, total";"Glostrup";2;7;3;6;1;2;2;7;8;5;4;4;11;7
"Sexual offenses, total";"Herlev";3;2;1;4;2;2;8;3;7;8;3;2;4;9
"Sexual offenses, total";"Hvidovre";7;5;2;5;6;2;9;5;6;8;4;6;9;14
"Sexual offenses, total";"H�je-Taastrup";7;5;2;5;2;10;10;5;9;8;7;13;65;26
"Sexual offenses, total";"Ish�j";0;5;9;3;2;2;0;1;3;9;8;8;5;11
"Sexual offenses, total";"Lyngby-Taarb�k";0;2;2;2;4;5;5;30;5;9;16;7;7;9
"Sexual offenses, total";"R�dovre";2;4;1;3;3;6;3;7;8;10;4;80;39;10
"Sexual offenses, total";"Vallensb�k";0;1;2;2;0;2;2;1;2;5;0;4;0;2
"Sexual offenses, total";"Aller�d";1;2;3;0;0;1;3;2;2;17;2;3;4;11
"Sexual offenses, total";"Egedal";3;2;2;9;3;4;4;7;6;9;5;6;7;8
"Sexual offenses, total";"Fredensborg";4;3;2;2;1;4;4;5;4;4;7;6;5;13
"Sexual offenses, total";"Frederikssund";2;6;2;2;3;6;4;5;6;3;7;12;6;19
"Sexual offenses, total";"Fures�";31;8;35;3;1;3;123;3;8;2;10;5;4;5
"Sexual offenses, total";"Gribskov";1;2;5;1;4;2;6;14;6;13;11;4;7;10
"Sexual offenses, total";"Halsn�s";4;4;4;2;0;2;6;8;3;6;4;5;7;22
"Sexual offenses, total";"Helsing�r";10;5;9;12;4;4;6;6;6;16;9;10;13;13
"Sexual offenses, total";"Hiller�d";3;5;3;2;4;8;4;11;14;7;12;12;12;8
"Sexual offenses, total";"H�rsholm";1;0;0;0;0;4;3;2;3;6;3;0;3;5
"Sexual offenses, total";"Rudersdal";0;4;1;3;3;3;114;8;1;6;5;5;7;9
"Sexual offenses, total";"Bornholm";2;3;0;4;3;6;14;9;8;6;13;6;5;12
"Sexual offenses, total";"Christians�";0;0;0;0;0;0;0;0;0;0;0;0;0;0
"Sexual offenses, total";"Region Sj�lland";104;97;75;82;99;89;119;142;166;164;191;216;194;314
"Sexual offenses, total";"Greve";14;8;2;5;7;3;6;3;10;3;14;5;5;17
"Sexual offenses, total";"K�ge";4;7;4;5;13;4;9;8;13;7;8;15;12;23
"Sexual offenses, total";"Lejre";1;2;2;0;3;0;2;1;5;1;1;4;5;3
"Sexual offenses, total";"Roskilde";4;13;6;4;10;9;9;15;14;24;20;22;29;15
"Sexual offenses, total";"Solr�d";2;3;3;2;1;0;1;0;1;5;1;0;2;5
"Sexual offenses, total";"Faxe";1;3;5;2;2;6;7;7;14;5;12;7;13;5
"Sexual offenses, total";"Guldborgsund";13;9;5;4;8;11;11;14;14;9;11;18;14;20
"Sexual offenses, total";"Holb�k";9;11;15;7;7;6;8;7;11;11;16;12;15;20
"Sexual offenses, total";"Kalundborg";13;6;4;4;9;5;9;12;4;12;7;7;14;19
"Sexual offenses, total";"Lolland";2;7;9;4;6;6;7;6;12;8;8;11;12;16
"Sexual offenses, total";"N�stved";9;10;5;12;7;10;10;11;15;16;24;13;15;15
"Sexual offenses, total";"Odsherred";9;3;3;5;4;3;6;13;8;9;7;11;6;14
"Sexual offenses, total";"Ringsted";3;3;3;5;5;7;3;9;4;4;4;38;10;8
"Sexual offenses, total";"Slagelse";4;5;3;11;9;14;19;17;27;24;28;22;26;114
"Sexual offenses, total";"Sor�";4;2;2;6;3;3;0;7;4;15;11;14;4;3
"Sexual offenses, total";"Stevns";3;1;1;3;2;1;2;5;4;3;4;3;7;5
"Sexual offenses, total";"Vordingborg";9;4;3;3;3;1;10;7;6;8;15;14;5;12
"Sexual offenses, total";"Region Syddanmark";153;146;130;117;167;179;187;187;249;226;250;286;246;277
"Sexual offenses, total";"Assens";23;3;0;5;2;11;2;6;7;4;2;13;5;14
"Sexual offenses, total";"Faaborg-Midtfyn";1;0;1;2;6;5;6;3;8;6;15;9;15;4
"Sexual offenses, total";"Kerteminde";1;2;3;1;2;3;1;1;3;1;4;3;2;3
"Sexual offenses, total";"Langeland";1;1;2;0;0;4;2;2;0;0;1;2;3;2
"Sexual offenses, total";"Middelfart";9;4;2;0;2;4;1;1;8;5;7;7;2;14
"Sexual offenses, total";"Nordfyns";1;3;1;1;7;3;4;3;3;3;4;9;7;6
"Sexual offenses, total";"Nyborg";3;8;4;6;8;11;3;3;2;3;8;8;1;2
"Sexual offenses, total";"Odense";33;35;25;29;31;29;41;37;51;41;38;34;43;40
"Sexual offenses, total";"Svendborg";2;4;6;9;2;7;6;9;3;4;8;10;8;14
"Sexual offenses, total";"�r�";0;3;0;0;0;0;1;0;2;0;1;0;1;0
"Sexual offenses, total";"Billund";2;3;2;0;1;4;6;3;4;5;8;5;5;3
"Sexual offenses, total";"Esbjerg";23;8;22;11;27;22;20;19;51;28;24;54;36;45
"Sexual offenses, total";"Fan�";0;1;0;0;1;0;0;0;2;0;0;0;0;0
"Sexual offenses, total";"Fredericia";5;3;2;7;7;9;11;6;9;11;11;17;10;4
"Sexual offenses, total";"Haderslev";1;14;11;3;2;7;7;9;12;11;8;6;17;8
"Sexual offenses, total";"Kolding";10;9;4;10;5;15;18;16;21;16;17;12;16;20
"Sexual offenses, total";"S�nderborg";6;7;14;4;14;6;15;14;8;19;25;16;18;29
"Sexual offenses, total";"T�nder";1;5;3;3;5;11;9;10;2;8;9;8;7;16
"Sexual offenses, total";"Varde";6;7;1;8;8;5;6;9;10;23;5;7;8;12
"Sexual offenses, total";"Vejen";1;3;3;3;2;7;4;4;13;14;10;6;7;10
"Sexual offenses, total";"Vejle";14;10;13;10;12;6;10;17;18;11;21;31;12;26
"Sexual offenses, total";"Aabenraa";10;13;11;5;23;10;14;15;12;13;24;29;23;5
"Sexual offenses, total";"Region Midtjylland";200;150;124;165;108;113;137;186;204;216;222;512;190;256
"Sexual offenses, total";"Favrskov";6;4;2;5;4;1;4;4;7;7;9;2;3;10
"Sexual offenses, total";"Hedensted";1;5;3;7;1;1;6;5;11;3;7;5;11;6
"Sexual offenses, total";"Horsens";8;11;8;8;2;7;3;23;13;18;11;15;13;45
"Sexual offenses, total";"Norddjurs";5;6;3;4;4;2;4;3;4;6;8;4;9;5
"Sexual offenses, total";"Odder";0;1;2;2;1;1;2;2;0;2;0;2;0;0
"Sexual offenses, total";"Randers";100;6;8;20;8;17;9;15;19;17;63;51;16;22
"Sexual offenses, total";"Sams�";0;0;0;0;0;0;1;0;0;0;0;1;0;1
"Sexual offenses, total";"Silkeborg";3;4;7;8;9;7;4;15;23;14;13;18;17;7
"Sexual offenses, total";"Skanderborg";5;12;3;0;5;3;4;3;6;8;4;4;3;4
"Sexual offenses, total";"Syddjurs";3;1;10;1;5;3;4;3;1;3;3;7;4;3
"Sexual offenses, total";"Aarhus";31;35;33;27;28;29;51;44;42;31;28;63;39;57
"Sexual offenses, total";"Herning";4;17;2;9;14;7;10;25;17;16;10;47;22;16
"Sexual offenses, total";"Holstebro";1;8;5;49;6;5;3;6;9;39;16;12;8;14
"Sexual offenses, total";"Ikast-Brande";1;15;14;3;3;1;5;5;3;8;7;7;6;15
"Sexual offenses, total";"Lemvig";1;1;2;0;1;0;1;2;0;1;0;3;3;3
"Sexual offenses, total";"Ringk�bing-Skjern";11;6;4;4;3;2;3;3;2;9;13;2;1;14
"Sexual offenses, total";"Skive";5;7;1;8;6;10;3;8;15;7;8;11;9;7
"Sexual offenses, total";"Struer";5;3;2;1;1;4;3;4;2;15;3;5;9;6
"Sexual offenses, total";"Viborg";10;8;15;9;7;13;17;16;30;12;19;253;17;21
"Sexual offenses, total";"Region Nordjylland";59;58;58;52;59;59;71;119;227;111;146;110;111;208
"Sexual offenses, total";"Br�nderslev";2;3;4;9;3;3;6;7;4;3;13;1;7;4
"Sexual offenses, total";"Frederikshavn";8;4;5;5;11;13;9;15;8;5;10;15;11;21
"Sexual offenses, total";"Hj�rring";14;3;1;5;6;13;9;14;151;10;13;13;17;28
"Sexual offenses, total";"Jammerbugt";4;6;7;5;1;1;3;15;5;5;14;6;5;4
"Sexual offenses, total";"L�s�";0;0;0;0;0;0;0;0;0;0;0;0;0;1
"Sexual offenses, total";"Mariagerfjord";1;4;4;1;3;3;3;3;3;11;3;7;9;3
"Sexual offenses, total";"Mors�";2;2;4;4;0;7;3;0;8;4;8;2;12;6
"Sexual offenses, total";"Rebild";4;0;1;0;2;1;4;2;2;3;5;1;2;7
"Sexual offenses, total";"Thisted";3;1;1;4;4;2;5;2;8;15;4;16;11;7
"Sexual offenses, total";"Vesthimmerlands";6;2;7;3;2;3;7;5;4;7;21;6;7;9
"Sexual offenses, total";"Aalborg";15;33;24;16;27;13;22;56;34;48;55;43;30;118
"Sexual offenses, total";"Unknown municipality";16;30;11;13;14;38;53;70;83;278;584;442;979;415
"Prostitution, etc.";"All Denmark";44;103;35;61;77;36;166;93;67;283;582;418;932;808
"Prostitution, etc.";"Region Hovedstaden";7;39;13;9;12;7;124;21;12;28;37;28;41;241
"Prostitution, etc.";"Copenhagen";3;18;9;4;9;5;3;8;3;6;9;8;10;104
"Prostitution, etc.";"Frederiksberg";0;1;0;0;0;0;0;1;2;1;0;0;0;18
"Prostitution, etc.";"Drag�r";0;0;0;0;0;0;0;0;0;0;0;0;3;2
"Prostitution, etc.";"T�rnby";0;0;1;0;0;0;1;0;1;1;0;0;1;1
"Prostitution, etc.";"Albertslund";0;4;0;0;0;0;1;1;1;1;0;1;1;3
"Prostitution, etc.";"Ballerup";0;4;0;1;0;1;1;1;0;0;0;1;0;21
"Prostitution, etc.";"Br�ndby";0;0;0;1;0;0;0;1;0;0;0;0;0;4
"Prostitution, etc.";"Gentofte";0;3;1;0;0;1;0;0;1;1;4;1;2;4
"Prostitution, etc.";"Gladsaxe";0;1;0;0;0;0;1;1;0;1;0;0;5;5
"Prostitution, etc.";"Glostrup";0;1;1;0;0;0;0;0;2;0;0;0;0;7
"Prostitution, etc.";"Herlev";0;0;0;0;0;0;1;0;0;1;1;0;1;0
"Prostitution, etc.";"Hvidovre";0;0;0;0;1;0;1;1;0;0;1;3;2;7
"Prostitution, etc.";"H�je-Taastrup";0;1;1;1;0;0;3;0;0;1;1;0;4;15
"Prostitution, etc.";"Ish�j";0;1;0;0;1;0;0;0;0;1;2;0;1;8
"Prostitution, etc.";"Lyngby-Taarb�k";0;0;0;0;0;0;0;0;0;1;7;1;1;3
"Prostitution, etc.";"R�dovre";0;0;0;0;0;0;0;3;1;2;0;0;2;4
"Prostitution, etc.";"Vallensb�k";0;0;0;0;0;0;0;0;0;2;0;0;0;2
"Prostitution, etc.";"Aller�d";0;0;0;0;0;0;0;0;0;4;1;0;1;7
"Prostitution, etc.";"Egedal";0;0;0;0;0;0;0;0;0;0;1;2;0;4
"Prostitution, etc.";"Fredensborg";0;0;0;1;1;0;0;0;0;0;1;2;1;7
"Prostitution, etc.";"Frederikssund";0;0;0;0;0;0;0;0;0;0;0;1;0;2
"Prostitution, etc.";"Fures�";1;1;0;0;0;0;9;0;0;0;0;0;1;0
"Prostitution, etc.";"Gribskov";0;1;0;0;0;0;1;0;1;1;6;1;1;2
"Prostitution, etc.";"Halsn�s";0;1;0;0;0;0;0;0;0;1;0;2;2;1
"Prostitution, etc.";"Helsing�r";2;2;0;0;0;0;1;2;0;0;1;2;1;3
"Prostitution, etc.";"Hiller�d";0;0;0;0;0;0;1;1;0;0;0;1;1;0
"Prostitution, etc.";"H�rsholm";0;0;0;0;0;0;0;0;0;0;0;0;0;0
"Prostitution, etc.";"Rudersdal";0;0;0;0;0;0;100;1;0;1;1;0;0;3
"Prostitution, etc.";"Bornholm";1;0;0;1;0;0;0;0;0;2;1;2;0;4
"Prostitution, etc.";"Christians�";0;0;0;0;0;0;0;0;0;0;0;0;0;0
"Prostitution, etc.";"Region Sj�lland";6;11;9;3;10;4;5;19;9;15;15;18;12;116
"Prostitution, etc.";"Greve";0;0;0;1;1;0;0;0;0;0;1;0;1;3
"Prostitution, etc.";"K�ge";0;0;1;0;0;0;0;1;0;0;0;2;0;11
"Prostitution, etc.";"Lejre";0;1;1;0;0;0;0;0;0;0;0;0;0;1
"Prostitution, etc.";"Roskilde";0;1;0;0;2;0;0;0;1;1;0;0;1;0
"Prostitution, etc.";"Solr�d";0;0;1;0;0;0;0;0;0;2;1;0;0;2
"Prostitution, etc.";"Faxe";0;0;1;0;1;0;0;2;0;0;0;1;1;3
"Prostitution, etc.";"Guldborgsund";2;3;1;1;2;1;0;2;0;1;1;4;0;3
"Prostitution, etc.";"Holb�k";0;1;1;0;0;1;1;0;0;0;3;1;3;8
"Prostitution, etc.";"Kalundborg";1;0;0;0;0;0;1;0;0;2;1;0;1;5
"Prostitution, etc.";"Lolland";1;1;1;1;0;0;0;0;1;1;1;1;1;6
"Prostitution, etc.";"N�stved";0;2;0;0;3;0;1;0;1;4;2;0;1;5
"Prostitution, etc.";"Odsherred";1;0;0;0;1;2;0;1;1;2;0;4;0;6
"Prostitution, etc.";"Ringsted";0;0;1;0;0;0;1;5;0;0;1;1;1;1
"Prostitution, etc.";"Slagelse";0;0;0;0;0;0;0;6;5;0;2;3;0;60
"Prostitution, etc.";"Sor�";0;1;0;0;0;0;0;1;0;1;2;0;0;0
"Prostitution, etc.";"Stevns";0;1;0;0;0;0;0;0;0;0;0;0;2;0
"Prostitution, etc.";"Vordingborg";1;0;1;0;0;0;1;1;0;1;0;1;0;2
"Prostitution, etc.";"Region Syddanmark";12;21;6;22;22;7;13;10;17;13;34;22;30;87
"Prostitution, etc.";"Assens";1;1;0;1;0;0;1;1;1;0;1;7;0;2
"Prostitution, etc.";"Faaborg-Midtfyn";0;0;0;0;0;0;1;0;0;1;1;0;1;2
"Prostitution, etc.";"Kerteminde";0;1;0;1;1;0;1;0;0;0;0;0;1;2
"Prostitution, etc.";"Langeland";0;0;0;0;0;0;1;0;0;0;0;1;2;1
"Prostitution, etc.";"Middelfart";0;1;0;0;0;0;0;0;1;1;0;1;0;4
"Prostitution, etc.";"Nordfyns";1;0;0;0;0;0;0;1;0;0;0;0;1;4
"Prostitution, etc.";"Nyborg";2;1;0;1;0;1;0;1;0;1;0;0;0;0
"Prostitution, etc.";"Odense";2;6;0;5;2;2;0;1;2;0;1;2;2;13
"Prostitution, etc.";"Svendborg";0;0;0;1;1;0;0;0;0;1;1;1;0;4
"Prostitution, etc.";"�r�";0;0;0;0;0;0;0;0;0;0;0;0;0;0
"Prostitution, etc.";"Billund";0;0;0;0;0;0;0;0;0;0;0;0;1;1
"Prostitution, etc.";"Esbjerg";2;2;2;3;10;1;1;0;4;2;2;5;5;15
"Prostitution, etc.";"Fan�";0;0;0;0;0;0;0;0;0;0;0;0;0;0
"Prostitution, etc.";"Fredericia";0;1;1;0;1;1;1;2;1;0;5;0;2;1
"Prostitution, etc.";"Haderslev";0;3;2;0;0;2;0;0;2;1;2;0;3;1
"Prostitution, etc.";"Kolding";2;0;0;1;0;0;1;1;1;1;1;0;0;11
"Prostitution, etc.";"S�nderborg";0;1;0;1;3;0;2;0;2;1;6;2;1;4
"Prostitution, etc.";"T�nder";0;0;0;0;0;0;0;0;0;2;3;2;0;3
"Prostitution, etc.";"Varde";1;0;0;6;1;0;0;1;0;0;0;0;2;4
"Prostitution, etc.";"Vejen";0;0;0;0;0;0;1;0;1;0;2;0;1;1
"Prostitution, etc.";"Vejle";1;2;1;2;3;0;2;1;1;1;1;0;1;12
"Prostitution, etc.";"Aabenraa";0;2;0;0;0;0;1;1;1;1;8;1;7;2
"Prostitution, etc.";"Region Midtjylland";12;22;5;19;23;7;11;17;15;15;24;19;17;83
"Prostitution, etc.";"Favrskov";0;0;0;0;1;0;0;0;0;0;1;0;0;5
"Prostitution, etc.";"Hedensted";0;1;0;0;1;0;0;0;0;0;1;0;3;3
"Prostitution, etc.";"Horsens";0;3;0;2;0;0;0;1;0;2;0;0;0;10
"Prostitution, etc.";"Norddjurs";2;1;0;0;0;0;0;0;0;0;0;1;0;3
"Prostitution, etc.";"Odder";0;0;0;0;0;0;0;0;0;1;0;0;0;0
"Prostitution, etc.";"Randers";3;1;1;0;0;0;2;2;3;2;1;3;0;7
"Prostitution, etc.";"Sams�";0;0;0;0;0;0;0;0;0;0;0;0;0;0
"Prostitution, etc.";"Silkeborg";1;2;0;0;4;0;0;1;0;1;0;0;1;3
"Prostitution, etc.";"Skanderborg";0;0;0;0;0;1;1;0;0;0;0;0;1;0
"Prostitution, etc.";"Syddjurs";1;0;1;0;0;0;1;0;0;1;0;1;0;1
"Prostitution, etc.";"Aarhus";2;3;2;0;9;3;4;4;2;3;5;4;2;23
"Prostitution, etc.";"Herning";0;6;0;1;1;1;1;0;0;1;6;6;5;2
"Prostitution, etc.";"Holstebro";0;0;0;15;0;0;0;1;0;1;4;0;1;5
"Prostitution, etc.";"Ikast-Brande";0;1;0;0;0;0;1;0;0;0;2;2;2;8
"Prostitution, etc.";"Lemvig";0;0;0;0;0;0;0;1;0;0;0;1;1;2
"Prostitution, etc.";"Ringk�bing-Skjern";0;1;0;0;1;0;0;0;0;0;1;0;0;4
"Prostitution, etc.";"Skive";1;2;0;0;1;1;0;2;2;1;1;0;0;0
"Prostitution, etc.";"Struer";0;0;0;0;0;0;0;1;1;2;0;0;0;3
"Prostitution, etc.";"Viborg";2;1;1;1;5;1;1;4;7;0;2;1;1;4
"Prostitution, etc.";"Region Nordjylland";6;7;2;6;7;2;5;9;3;20;7;12;8;63
"Prostitution, etc.";"Br�nderslev";0;0;0;0;0;0;0;0;1;1;0;0;1;1
"Prostitution, etc.";"Frederikshavn";2;1;0;1;0;2;2;2;0;0;1;2;2;15
"Prostitution, etc.";"Hj�rring";2;0;0;1;1;0;0;1;0;0;2;0;1;24
"Prostitution, etc.";"Jammerbugt";0;0;0;2;0;0;0;2;2;0;1;2;0;1
"Prostitution, etc.";"L�s�";0;0;0;0;0;0;0;0;0;0;0;0;0;0
"Prostitution, etc.";"Mariagerfjord";1;0;0;0;0;0;1;0;0;8;0;4;0;2
"Prostitution, etc.";"Mors�";0;0;0;1;0;0;0;0;0;2;1;0;1;3
"Prostitution, etc.";"Rebild";0;0;0;0;1;0;0;0;0;0;0;0;0;6
"Prostitution, etc.";"Thisted";0;0;0;0;0;0;1;0;0;3;0;1;0;3
"Prostitution, etc.";"Vesthimmerlands";0;0;0;1;0;0;0;0;0;0;0;0;1;2
"Prostitution, etc.";"Aalborg";1;6;2;0;5;0;1;4;0;6;2;3;2;6
"Prostitution, etc.";"Unknown municipality";1;3;0;2;3;9;8;17;11;192;465;319;824;218
"Crimes of violence, total";"All Denmark";4485;4574;3903;4289;4222;4816;5520;6759;6950;7500;6354;6594;6883;6703
"Crimes of violence, total";"Region Hovedstaden";1256;1329;1145;1454;1459;1758;1635;2196;2366;2500;2106;2264;2370;2202
"Crimes of violence, total";"Copenhagen";483;533;463;695;704;885;784;1112;1059;1145;878;1022;1151;984
"Crimes of violence, total";"Frederiksberg";38;34;39;54;50;55;60;70;68;91;106;90;76;96
"Crimes of violence, total";"Drag�r";1;6;2;2;3;3;3;4;6;12;10;7;10;2
"Crimes of violence, total";"T�rnby";19;30;14;23;17;34;38;54;46;47;36;52;49;42
"Crimes of violence, total";"Albertslund";42;34;39;29;46;37;33;38;45;44;53;30;36;39
"Crimes of violence, total";"Ballerup";39;30;36;35;28;34;40;61;50;58;56;40;42;40
"Crimes of violence, total";"Br�ndby";30;69;41;71;45;55;25;45;136;67;50;147;58;66
"Crimes of violence, total";"Gentofte";18;29;20;23;14;22;30;48;61;61;38;47;53;51
"Crimes of violence, total";"Gladsaxe";27;32;30;34;34;46;53;56;56;50;79;63;58;61
"Crimes of violence, total";"Glostrup";29;20;24;29;16;28;29;39;39;40;43;26;47;26
"Crimes of violence, total";"Herlev";23;28;15;20;18;20;29;23;35;35;45;35;27;29
"Crimes of violence, total";"Hvidovre";34;33;37;43;42;57;37;52;66;63;69;53;57;56
"Crimes of violence, total";"H�je-Taastrup";45;36;29;33;43;33;52;54;84;70;71;74;63;78
"Crimes of violence, total";"Ish�j";25;26;16;24;13;32;24;29;39;43;34;36;29;41
"Crimes of violence, total";"Lyngby-Taarb�k";30;25;18;22;20;25;27;44;41;46;37;44;46;46
"Crimes of violence, total";"R�dovre";37;22;26;20;27;40;25;39;43;55;54;30;48;42
"Crimes of violence, total";"Vallensb�k";7;8;7;6;4;12;7;11;11;12;10;9;5;5
"Crimes of violence, total";"Aller�d";16;20;16;15;19;27;31;15;29;31;20;14;29;15
"Crimes of violence, total";"Egedal";10;9;12;7;5;14;13;18;26;29;27;20;42;24
"Crimes of violence, total";"Fredensborg";23;28;16;16;26;17;14;27;38;31;41;36;33;32
"Crimes of violence, total";"Frederikssund";26;32;17;24;32;53;52;47;59;56;41;40;41;51
"Crimes of violence, total";"Fures�";23;14;21;19;14;17;21;38;23;37;16;31;36;43
"Crimes of violence, total";"Gribskov";17;18;15;20;34;22;40;34;34;52;39;33;40;36
"Crimes of violence, total";"Halsn�s";24;20;24;20;21;23;20;32;24;46;27;30;41;33
"Crimes of violence, total";"Helsing�r";85;73;64;57;70;51;34;66;84;89;81;87;94;82
"Crimes of violence, total";"Hiller�d";30;50;41;36;52;38;48;43;62;70;47;47;76;69
"Crimes of violence, total";"H�rsholm";8;13;6;10;9;4;9;15;27;26;25;34;27;36
"Crimes of violence, total";"Rudersdal";32;26;18;10;9;23;23;25;37;50;48;27;29;41
"Crimes of violence, total";"Bornholm";35;31;39;57;44;51;34;57;38;44;25;60;27;36
"Crimes of violence, total";"Christians�";0;0;0;0;0;0;0;0;0;0;0;0;0;0
"Crimes of violence, total";"Region Sj�lland";582;581;486;573;539;657;846;883;1055;1121;989;878;1005;1050
"Crimes of violence, total";"Greve";36;40;23;32;20;18;29;30;23;46;34;42;26;51
"Crimes of violence, total";"K�ge";52;30;24;34;36;41;53;52;51;74;84;69;64;88
"Crimes of violence, total";"Lejre";10;5;12;8;12;11;15;15;23;12;21;17;15;11
"Crimes of violence, total";"Roskilde";62;54;36;41;59;56;82;96;85;107;96;90;114;114
"Crimes of violence, total";"Solr�d";12;9;10;7;7;8;9;10;13;12;11;20;15;17
"Crimes of violence, total";"Faxe";15;23;12;20;23;25;23;32;36;37;43;24;44;40
"Crimes of violence, total";"Guldborgsund";74;77;56;60;39;68;94;79;130;145;107;99;97;110
"Crimes of violence, total";"Holb�k";42;50;55;39;32;46;80;79;76;93;97;69;114;76
"Crimes of violence, total";"Kalundborg";43;28;36;35;35;41;58;59;51;59;43;32;41;40
"Crimes of violence, total";"Lolland";29;56;42;43;39;69;96;98;126;108;73;82;66;90
"Crimes of violence, total";"N�stved";37;44;29;58;46;51;75;75;95;85;101;69;97;86
"Crimes of violence, total";"Odsherred";18;19;20;25;23;18;22;34;47;42;48;38;55;49
"Crimes of violence, total";"Ringsted";20;35;20;22;22;26;17;26;20;23;32;35;28;37
"Crimes of violence, total";"Slagelse";74;59;61;81;79;102;98;101;165;164;105;105;126;137
"Crimes of violence, total";"Sor�";17;16;15;14;17;13;18;29;42;32;39;32;26;28
"Crimes of violence, total";"Stevns";6;13;8;14;8;10;7;15;10;17;15;6;31;30
"Crimes of violence, total";"Vordingborg";35;23;27;40;42;54;70;53;62;65;40;49;46;46
"Crimes of violence, total";"Region Syddanmark";1125;1207;984;980;913;1030;1233;1484;1594;1723;1373;1533;1496;1471
"Crimes of violence, total";"Assens";26;21;17;13;23;21;25;29;43;49;48;34;33;50
"Crimes of violence, total";"Faaborg-Midtfyn";55;45;42;18;35;20;65;51;84;42;54;39;41;66
"Crimes of violence, total";"Kerteminde";5;14;18;12;10;11;5;13;26;15;13;11;13;17
"Crimes of violence, total";"Langeland";9;6;9;4;5;13;7;7;18;14;11;8;33;14
"Crimes of violence, total";"Middelfart";38;28;18;28;28;28;20;45;38;34;48;52;50;46
"Crimes of violence, total";"Nordfyns";16;20;14;20;21;13;15;49;61;45;34;30;21;33
"Crimes of violence, total";"Nyborg";45;43;45;42;54;25;42;63;55;64;54;60;72;51
"Crimes of violence, total";"Odense";241;292;216;278;190;246;237;273;301;434;218;248;244;280
"Crimes of violence, total";"Svendborg";44;54;48;40;40;31;62;63;70;82;50;65;68;59
"Crimes of violence, total";"�r�";2;0;1;5;1;0;5;3;1;3;2;4;7;3
"Crimes of violence, total";"Billund";20;20;9;18;6;25;14;22;18;26;21;31;22;16
"Crimes of violence, total";"Esbjerg";128;143;142;113;125;148;155;161;162;194;185;189;180;170
"Crimes of violence, total";"Fan�";2;2;0;3;3;0;1;1;0;0;1;3;1;1
"Crimes of violence, total";"Fredericia";50;47;27;46;31;40;65;62;94;85;65;92;101;62
"Crimes of violence, total";"Haderslev";53;47;40;38;45;34;41;64;59;81;59;76;74;58
"Crimes of violence, total";"Kolding";77;89;53;55;59;91;89;129;113;115;104;128;104;120
"Crimes of violence, total";"S�nderborg";58;74;71;49;37;39;77;72;67;66;69;99;88;87
"Crimes of violence, total";"T�nder";42;39;21;28;35;29;49;45;54;50;46;58;44;49
"Crimes of violence, total";"Varde";29;31;37;25;23;27;33;40;59;39;40;33;44;36
"Crimes of violence, total";"Vejen";34;26;31;40;18;25;30;30;36;43;36;41;43;28
"Crimes of violence, total";"Vejle";74;92;58;55;69;96;110;170;157;165;134;161;155;172
"Crimes of violence, total";"Aabenraa";77;74;67;50;55;68;86;92;78;77;81;71;58;53
"Crimes of violence, total";"Region Midtjylland";1045;983;896;878;908;912;1271;1526;1316;1468;1212;1245;1296;1285
"Crimes of violence, total";"Favrskov";22;15;34;15;27;23;28;27;34;64;25;32;49;39
"Crimes of violence, total";"Hedensted";9;9;13;9;10;17;24;47;32;33;34;37;36;21
"Crimes of violence, total";"Horsens";92;113;39;51;61;55;78;112;117;113;80;123;122;118
"Crimes of violence, total";"Norddjurs";25;42;33;31;36;31;29;38;78;42;40;39;70;55
"Crimes of violence, total";"Odder";10;6;8;6;20;5;12;12;13;14;15;6;11;2
"Crimes of violence, total";"Randers";182;105;90;91;86;90;105;157;113;123;112;115;97;123
"Crimes of violence, total";"Sams�";2;3;3;0;1;0;9;3;1;2;2;2;6;0
"Crimes of violence, total";"Silkeborg";67;57;70;63;47;56;49;77;73;69;88;60;75;78
"Crimes of violence, total";"Skanderborg";16;24;19;24;11;25;24;26;35;37;20;28;30;33
"Crimes of violence, total";"Syddjurs";33;19;24;20;13;17;12;40;15;29;29;28;15;23
"Crimes of violence, total";"Aarhus";333;332;302;317;331;309;548;602;393;426;372;397;388;356
"Crimes of violence, total";"Herning";55;48;67;50;56;72;78;91;110;121;89;97;81;91
"Crimes of violence, total";"Holstebro";45;63;66;41;47;46;48;63;58;73;74;59;73;70
"Crimes of violence, total";"Ikast-Brande";28;22;18;28;24;15;56;50;43;44;53;36;38;40
"Crimes of violence, total";"Lemvig";12;8;2;9;6;10;4;11;14;13;13;7;3;18
"Crimes of violence, total";"Ringk�bing-Skjern";29;28;31;26;27;19;41;28;28;37;19;15;20;26
"Crimes of violence, total";"Skive";28;25;30;32;25;26;42;41;35;46;33;39;43;47
"Crimes of violence, total";"Struer";8;14;12;18;13;28;18;25;22;39;21;34;18;18
"Crimes of violence, total";"Viborg";49;50;35;47;67;68;66;76;102;143;93;91;121;127
"Crimes of violence, total";"Region Nordjylland";451;431;357;361;365;391;438;544;502;550;459;499;496;464
"Crimes of violence, total";"Br�nderslev";15;14;19;16;20;19;24;28;35;36;37;27;52;36
"Crimes of violence, total";"Frederikshavn";60;43;34;29;32;32;60;54;41;31;42;46;44;37
"Crimes of violence, total";"Hj�rring";55;52;42;39;47;42;40;56;43;37;28;62;68;61
"Crimes of violence, total";"Jammerbugt";39;13;19;23;17;26;24;19;32;26;34;31;19;21
"Crimes of violence, total";"L�s�";1;2;0;1;0;1;0;0;0;0;0;0;1;3
"Crimes of violence, total";"Mariagerfjord";32;32;26;21;19;20;21;38;50;74;56;53;40;38
"Crimes of violence, total";"Mors�";10;9;18;12;12;20;15;8;15;18;16;12;22;18
"Crimes of violence, total";"Rebild";4;12;3;7;2;5;6;15;14;19;21;11;12;4
"Crimes of violence, total";"Thisted";15;47;31;42;41;41;35;34;30;40;21;31;28;26
"Crimes of violence, total";"Vesthimmerlands";24;17;19;27;14;22;24;59;28;41;41;21;38;33
"Crimes of violence, total";"Aalborg";196;190;146;144;161;163;189;233;214;228;163;205;172;187
"Crimes of violence, total";"Unknown municipality";26;43;35;43;38;68;97;126;117;138;215;175;220;231
"Homicide";"All Denmark";8;16;9;15;16;15;12;16;17;12;8;11;16;11
"Homicide";"Region Hovedstaden";3;7;5;2;5;7;6;9;5;7;2;6;3;5
"Homicide";"Copenhagen";2;4;2;0;3;2;2;5;1;2;0;1;1;2
"Homicide";"Frederiksberg";0;0;0;0;0;3;0;0;0;0;0;1;0;2
"Homicide";"Drag�r";0;0;0;0;0;0;0;0;0;0;0;0;0;0
"Homicide";"T�rnby";0;0;0;0;0;0;0;1;0;0;0;0;0;0
"Homicide";"Albertslund";0;0;0;0;0;0;1;0;0;0;0;0;0;1
"Homicide";"Ballerup";0;0;0;0;0;0;0;0;0;0;0;0;0;0
"Homicide";"Br�ndby";0;0;0;0;0;0;0;1;0;1;0;1;2;0
"Homicide";"Gentofte";0;0;0;0;0;0;0;1;0;0;0;0;0;0
"Homicide";"Gladsaxe";0;2;0;1;0;0;0;0;1;1;0;0;0;0
"Homicide";"Glostrup";0;0;0;0;0;0;0;1;0;0;0;0;0;0
"Homicide";"Herlev";1;0;0;0;0;0;1;0;0;0;0;1;0;0
"Homicide";"Hvidovre";0;0;0;0;0;0;0;0;0;0;0;0;0;0
"Homicide";"H�je-Taastrup";0;0;0;1;0;1;0;0;1;0;0;0;0;0
"Homicide";"Ish�j";0;0;0;0;0;0;0;0;0;0;0;0;0;0
"Homicide";"Lyngby-Taarb�k";0;0;1;0;1;0;0;0;0;0;0;0;0;0
"Homicide";"R�dovre";0;0;0;0;0;0;0;0;0;0;0;1;0;0
"Homicide";"Vallensb�k";0;0;0;0;0;0;0;0;1;0;0;0;0;0
"Homicide";"Aller�d";0;1;1;0;0;0;1;0;0;0;0;0;0;0
"Homicide";"Egedal";0;0;0;0;0;0;0;0;0;0;0;0;0;0
"Homicide";"Fredensborg";0;0;0;0;1;0;0;0;0;0;1;0;0;0
"Homicide";"Frederikssund";0;0;0;0;0;0;0;0;0;1;1;0;0;0
"Homicide";"Fures�";0;0;0;0;0;0;0;0;0;0;0;0;0;0
"Homicide";"Gribskov";0;0;0;0;0;0;0;0;1;0;0;1;0;0
"Homicide";"Halsn�s";0;0;0;0;0;0;0;0;0;0;0;0;0;0
"Homicide";"Helsing�r";0;0;0;0;0;0;0;0;0;0;0;0;0;0
"Homicide";"Hiller�d";0;0;0;0;0;1;1;0;0;1;0;0;0;0
"Homicide";"H�rsholm";0;0;1;0;0;0;0;0;0;0;0;0;0;0
"Homicide";"Rudersdal";0;0;0;0;0;0;0;0;0;1;0;0;0;0
"Homicide";"Bornholm";0;0;0;0;0;0;0;0;0;0;0;0;0;0
"Homicide";"Christians�";0;0;0;0;0;0;0;0;0;0;0;0;0;0
"Homicide";"Region Sj�lland";0;4;1;4;3;2;1;2;3;2;4;0;8;1
"Homicide";"Greve";0;0;0;0;0;0;1;0;0;0;1;0;0;0
"Homicide";"K�ge";0;0;0;0;0;0;0;0;0;0;0;0;0;0
"Homicide";"Lejre";0;0;0;0;0;0;0;0;0;0;0;0;0;0
"Homicide";"Roskilde";0;0;0;1;0;0;0;0;0;0;0;0;0;0
"Homicide";"Solr�d";0;0;0;0;0;0;0;0;0;0;0;0;0;0
"Homicide";"Faxe";0;0;0;0;0;0;0;0;0;0;0;0;0;1
"Homicide";"Guldborgsund";0;0;1;0;0;0;0;0;1;0;1;0;0;0
"Homicide";"Holb�k";0;0;0;0;1;0;0;0;1;1;0;0;2;0
"Homicide";"Kalundborg";0;1;0;0;0;0;0;0;0;0;1;0;0;0
"Homicide";"Lolland";0;2;0;1;0;0;0;0;0;0;0;0;1;0
"Homicide";"N�stved";0;0;0;2;0;0;0;0;0;0;0;0;1;0
"Homicide";"Odsherred";0;0;0;0;1;0;0;0;0;0;1;0;0;0
"Homicide";"Ringsted";0;0;0;0;0;1;0;0;0;0;0;0;0;0
"Homicide";"Slagelse";0;1;0;0;1;0;0;1;1;0;0;0;0;0
"Homicide";"Sor�";0;0;0;0;0;0;0;0;0;1;0;0;1;0
"Homicide";"Stevns";0;0;0;0;0;0;0;0;0;0;0;0;0;0
"Homicide";"Vordingborg";0;0;0;0;0;1;0;1;0;0;0;0;3;0
"Homicide";"Region Syddanmark";1;3;1;1;2;1;4;2;3;2;2;0;4;1
"Homicide";"Assens";0;0;0;0;0;0;0;0;2;0;0;0;0;0
"Homicide";"Faaborg-Midtfyn";0;0;0;0;0;0;0;0;0;0;0;0;0;0
"Homicide";"Kerteminde";0;0;0;0;0;1;0;0;0;0;0;0;0;0
"Homicide";"Langeland";0;0;0;0;0;0;0;0;0;0;0;0;0;0
"Homicide";"Middelfart";1;0;0;0;0;0;0;0;0;0;0;0;0;0
"Homicide";"Nordfyns";0;0;0;0;0;0;0;0;0;0;0;0;0;0
"Homicide";"Nyborg";0;0;0;0;0;0;0;0;0;0;1;0;0;0
"Homicide";"Odense";0;2;0;0;0;0;0;0;0;0;0;0;1;0
"Homicide";"Svendborg";0;0;0;0;0;0;1;0;0;0;0;0;0;0
"Homicide";"�r�";0;0;0;0;0;0;0;0;0;0;0;0;0;0
"Homicide";"Billund";0;0;0;0;0;0;0;0;0;0;0;0;0;0
"Homicide";"Esbjerg";0;0;1;1;1;0;0;0;0;0;0;0;0;0
"Homicide";"Fan�";0;0;0;0;0;0;0;0;0;0;0;0;0;0
"Homicide";"Fredericia";0;0;0;0;0;0;0;0;0;0;0;0;0;0
"Homicide";"Haderslev";0;0;0;0;0;0;0;0;0;1;0;0;0;0
"Homicide";"Kolding";0;0;0;0;0;0;0;1;1;0;0;0;0;1
"Homicide";"S�nderborg";0;0;0;0;0;0;0;0;0;0;0;0;0;0
"Homicide";"T�nder";0;0;0;0;0;0;0;0;0;0;0;0;0;0
"Homicide";"Varde";0;0;0;0;0;0;0;0;0;0;0;0;0;0
"Homicide";"Vejen";0;0;0;0;1;0;0;0;0;0;0;0;0;0
"Homicide";"Vejle";0;1;0;0;0;0;0;1;0;1;1;0;3;0
"Homicide";"Aabenraa";0;0;0;0;0;0;3;0;0;0;0;0;0;0
"Homicide";"Region Midtjylland";2;2;1;6;3;4;1;1;1;1;0;4;1;4
"Homicide";"Favrskov";0;0;0;0;0;0;0;0;0;0;0;0;0;0
"Homicide";"Hedensted";0;0;0;0;0;0;0;0;0;0;0;0;0;0
"Homicide";"Horsens";1;0;0;0;1;0;0;0;0;0;0;0;0;0
"Homicide";"Norddjurs";0;1;0;1;0;0;0;0;0;0;0;0;0;1
"Homicide";"Odder";0;0;0;0;0;0;0;0;0;0;0;0;0;0
"Homicide";"Randers";0;0;0;1;0;1;0;1;0;0;0;1;1;0
"Homicide";"Sams�";0;0;0;0;0;0;0;0;0;0;0;0;0;0
"Homicide";"Silkeborg";0;0;0;0;0;0;0;0;0;0;0;0;0;0
"Homicide";"Skanderborg";0;0;0;0;0;0;0;0;0;0;0;0;0;0
"Homicide";"Syddjurs";0;0;0;0;0;0;0;0;0;0;0;0;0;0
"Homicide";"Aarhus";1;0;0;3;1;3;1;0;1;1;0;3;0;1
"Homicide";"Herning";0;0;0;0;1;0;0;0;0;0;0;0;0;1
"Homicide";"Holstebro";0;1;0;1;0;0;0;0;0;0;0;0;0;1
"Homicide";"Ikast-Brande";0;0;0;0;0;0;0;0;0;0;0;0;0;0
"Homicide";"Lemvig";0;0;0;0;0;0;0;0;0;0;0;0;0;0
"Homicide";"Ringk�bing-Skjern";0;0;0;0;0;0;0;0;0;0;0;0;0;0
"Homicide";"Skive";0;0;1;0;0;0;0;0;0;0;0;0;0;0
"Homicide";"Struer";0;0;0;0;0;0;0;0;0;0;0;0;0;0
"Homicide";"Viborg";0;0;0;0;0;0;0;0;0;0;0;0;0;0
"Homicide";"Region Nordjylland";2;0;1;1;3;1;0;2;4;0;0;1;0;0
"Homicide";"Br�nderslev";0;0;0;0;0;0;0;0;0;0;0;0;0;0
"Homicide";"Frederikshavn";0;0;0;0;1;0;0;0;1;0;0;0;0;0
"Homicide";"Hj�rring";0;0;0;0;0;0;0;0;1;0;0;0;0;0
"Homicide";"Jammerbugt";1;0;0;0;1;0;0;0;0;0;0;0;0;0
"Homicide";"L�s�";0;0;0;0;0;0;0;0;0;0;0;0;0;0
"Homicide";"Mariagerfjord";0;0;0;0;0;0;0;0;1;0;0;0;0;0
"Homicide";"Mors�";0;0;0;0;0;0;0;0;0;0;0;0;0;0
"Homicide";"Rebild";0;0;0;0;0;0;0;1;0;0;0;0;0;0
"Homicide";"Thisted";0;0;0;0;0;0;0;0;0;0;0;0;0;0
"Homicide";"Vesthimmerlands";0;0;0;0;0;0;0;0;0;0;0;0;0;0
"Homicide";"Aalborg";1;0;1;1;1;1;0;1;1;0;0;1;0;0
"Homicide";"Unknown municipality";0;0;0;1;0;0;0;0;1;0;0;0;0;0
"Burglary - business and community";"All Denmark";7827;6778;5491;5188;4589;4159;3918;3598;3672;3051;2490;1672;2086;1985
"Burglary - business and community";"Region Hovedstaden";2411;2127;1853;1794;1566;1417;1136;946;1193;983;737;515;597;591
"Burglary - business and community";"Copenhagen";805;717;580;598;534;510;402;314;509;399;278;199;257;242
"Burglary - business and community";"Frederiksberg";91;91;118;105;92;74;67;25;55;45;34;24;61;22
"Burglary - business and community";"Drag�r";23;11;6;6;3;2;12;19;9;5;1;4;2;4
"Burglary - business and community";"T�rnby";38;42;67;32;33;29;19;14;30;15;14;8;19;10
"Burglary - business and community";"Albertslund";41;28;40;24;29;35;25;12;20;16;13;6;9;10
"Burglary - business and community";"Ballerup";93;120;67;47;64;64;39;36;39;27;20;16;15;18
"Burglary - business and community";"Br�ndby";56;77;53;73;45;24;23;27;25;20;14;12;17;11
"Burglary - business and community";"Gentofte";78;74;83;73;62;34;61;26;27;34;22;17;15;24
"Burglary - business and community";"Gladsaxe";112;57;78;48;48;59;32;31;29;29;6;14;10;21
"Burglary - business and community";"Glostrup";31;26;28;26;23;33;25;14;26;19;16;9;5;10
"Burglary - business and community";"Herlev";57;45;44;27;37;38;25;57;50;12;19;10;10;13
"Burglary - business and community";"Hvidovre";70;59;62;104;50;47;32;28;30;25;18;14;22;26
"Burglary - business and community";"H�je-Taastrup";65;46;49;39;39;76;26;33;24;21;31;7;15;14
"Burglary - business and community";"Ish�j";55;28;40;66;34;32;20;25;23;7;13;10;4;5
"Burglary - business and community";"Lyngby-Taarb�k";95;64;50;37;48;25;38;31;29;35;23;17;7;19
"Burglary - business and community";"R�dovre";93;75;43;56;35;47;12;23;22;27;16;12;9;11
"Burglary - business and community";"Vallensb�k";11;22;13;18;11;8;3;11;2;3;7;3;0;9
"Burglary - business and community";"Aller�d";27;16;15;19;9;15;15;10;8;4;5;7;6;4
"Burglary - business and community";"Egedal";29;49;27;19;14;22;17;19;10;17;26;4;3;13
"Burglary - business and community";"Fredensborg";56;27;38;49;44;21;24;11;11;5;8;5;22;5
"Burglary - business and community";"Frederikssund";44;45;42;41;19;20;23;21;18;38;65;27;15;16
"Burglary - business and community";"Fures�";48;46;19;37;16;36;14;44;22;8;10;5;5;13
"Burglary - business and community";"Gribskov";36;28;38;31;44;13;21;20;26;24;20;12;15;17
"Burglary - business and community";"Halsn�s";41;71;29;33;25;14;19;11;31;23;3;6;2;2
"Burglary - business and community";"Helsing�r";130;121;101;73;77;34;45;34;38;45;13;18;31;20
"Burglary - business and community";"Hiller�d";63;27;30;43;44;46;34;20;45;29;17;22;9;9
"Burglary - business and community";"H�rsholm";28;19;35;15;41;19;21;4;7;9;1;13;3;2
"Burglary - business and community";"Rudersdal";63;64;45;41;38;35;40;23;23;35;22;11;8;18
"Burglary - business and community";"Bornholm";32;32;13;14;8;5;2;3;5;7;2;3;1;3
"Burglary - business and community";"Christians�";0;0;0;0;0;0;0;0;0;0;0;0;0;0
"Burglary - business and community";"Region Sj�lland";1053;877;652;731;602;625;610;534;551;337;311;196;262;246
"Burglary - business and community";"Greve";57;73;45;72;33;31;19;23;37;22;9;19;13;18
"Burglary - business and community";"K�ge";100;54;54;44;30;42;61;46;39;37;20;8;8;18
"Burglary - business and community";"Lejre";20;19;9;14;13;13;13;6;14;13;3;5;10;7
"Burglary - business and community";"Roskilde";102;92;65;51;38;64;46;33;38;23;16;11;29;21
"Burglary - business and community";"Solr�d";16;29;14;13;10;7;18;27;13;4;6;1;2;2
"Burglary - business and community";"Faxe";46;39;50;29;28;49;18;10;28;16;15;7;11;12
"Burglary - business and community";"Guldborgsund";100;52;60;64;51;41;38;60;54;22;24;21;42;29
"Burglary - business and community";"Holb�k";62;75;33;44;65;33;43;44;32;25;24;18;12;13
"Burglary - business and community";"Kalundborg";66;37;33;30;48;38;34;18;14;17;11;11;19;10
"Burglary - business and community";"Lolland";53;68;36;74;30;43;48;36;40;17;16;12;13;5
"Burglary - business and community";"N�stved";84;79;57;83;59;40;58;31;44;31;33;21;23;33
"Burglary - business and community";"Odsherred";34;37;31;25;19;18;25;50;70;19;7;17;26;10
"Burglary - business and community";"Ringsted";57;32;30;25;34;28;30;21;39;26;20;14;10;15
"Burglary - business and community";"Slagelse";107;89;76;70;51;58;56;72;50;37;80;17;28;35
"Burglary - business and community";"Sor�";38;32;19;29;35;36;23;21;12;7;16;6;3;10
"Burglary - business and community";"Stevns";18;15;14;13;8;12;13;4;6;8;4;1;6;1
"Burglary - business and community";"Vordingborg";93;55;26;51;50;72;67;32;21;13;7;7;7;7
"Burglary - business and community";"Region Syddanmark";1948;1525;1327;1225;1000;850;889;816;966;704;575;423;450;410
"Burglary - business and community";"Assens";50;40;38;33;37;59;38;15;34;23;28;14;15;8
"Burglary - business and community";"Faaborg-Midtfyn";70;66;59;34;44;22;36;8;35;26;34;17;14;11
"Burglary - business and community";"Kerteminde";19;21;21;20;10;11;17;6;9;11;8;5;3;2
"Burglary - business and community";"Langeland";17;22;10;4;10;6;7;9;8;5;7;2;3;2
"Burglary - business and community";"Middelfart";87;39;36;49;58;36;34;28;38;26;21;18;12;19
"Burglary - business and community";"Nordfyns";41;39;45;29;17;16;18;23;23;16;18;14;6;19
"Burglary - business and community";"Nyborg";39;27;29;19;17;17;24;19;10;8;24;16;9;17
"Burglary - business and community";"Odense";298;283;353;237;172;160;177;158;165;129;105;61;38;68
"Burglary - business and community";"Svendborg";34;40;39;44;20;19;24;27;45;39;25;16;4;12
"Burglary - business and community";"�r�";3;1;1;0;2;1;0;1;1;2;5;0;0;0
"Burglary - business and community";"Billund";40;26;22;29;21;15;19;11;22;16;14;7;14;11
"Burglary - business and community";"Esbjerg";187;141;94;63;83;71;46;47;109;91;45;46;61;36
"Burglary - business and community";"Fan�";0;1;0;6;1;1;1;2;6;0;1;1;1;0
"Burglary - business and community";"Fredericia";145;143;89;80;83;29;42;39;30;32;19;30;35;20
"Burglary - business and community";"Haderslev";65;75;56;83;67;30;61;51;40;31;28;17;28;17
"Burglary - business and community";"Kolding";137;110;70;131;112;124;83;101;85;51;28;39;39;44
"Burglary - business and community";"S�nderborg";165;77;56;61;27;35;74;56;50;27;18;23;16;18
"Burglary - business and community";"T�nder";56;38;50;36;17;23;16;22;45;29;28;14;22;16
"Burglary - business and community";"Varde";124;60;46;56;34;31;22;33;35;17;22;13;26;14
"Burglary - business and community";"Vejen";87;61;48;39;31;24;24;25;28;24;15;10;20;12
"Burglary - business and community";"Vejle";199;136;97;96;92;81;88;72;97;53;47;42;63;48
"Burglary - business and community";"Aabenraa";85;79;68;76;45;39;38;63;51;48;35;18;21;16
"Burglary - business and community";"Region Midtjylland";1554;1497;1146;1035;1016;856;938;1010;698;742;671;402;654;621
"Burglary - business and community";"Favrskov";70;61;29;24;45;17;23;27;16;21;25;20;19;19
"Burglary - business and community";"Hedensted";51;83;51;33;37;31;29;22;15;14;17;32;34;26
"Burglary - business and community";"Horsens";104;97;48;64;60;38;43;89;35;47;22;43;47;62
"Burglary - business and community";"Norddjurs";84;43;33;44;43;23;26;13;23;19;25;9;12;8
"Burglary - business and community";"Odder";34;31;30;23;18;8;30;24;4;12;11;5;4;6
"Burglary - business and community";"Randers";122;101;67;79;110;81;54;48;45;45;79;18;58;32
"Burglary - business and community";"Sams�";0;2;4;7;1;2;3;0;0;2;3;0;0;0
"Burglary - business and community";"Silkeborg";81;82;72;39;62;71;34;49;38;41;27;36;29;54
"Burglary - business and community";"Skanderborg";56;85;62;26;37;37;27;36;20;26;27;18;35;29
"Burglary - business and community";"Syddjurs";76;32;41;42;48;27;38;33;28;24;21;19;9;13
"Burglary - business and community";"Aarhus";531;472;317;372;264;251;344;404;298;271;284;124;294;238
"Burglary - business and community";"Herning";67;77;89;59;69;67;82;61;41;48;23;17;27;15
"Burglary - business and community";"Holstebro";36;39;70;35;33;34;34;39;27;19;15;11;20;18
"Burglary - business and community";"Ikast-Brande";51;45;32;26;29;25;37;34;10;24;22;10;15;22
"Burglary - business and community";"Lemvig";20;16;12;7;7;3;5;8;1;27;4;3;1;2
"Burglary - business and community";"Ringk�bing-Skjern";44;61;56;32;39;26;35;42;27;23;9;3;16;11
"Burglary - business and community";"Skive";34;57;39;40;22;37;16;24;15;12;24;2;6;8
"Burglary - business and community";"Struer";22;16;22;7;18;21;21;8;5;15;2;2;4;2
"Burglary - business and community";"Viborg";71;97;72;76;74;57;57;49;50;52;31;30;24;56
"Burglary - business and community";"Region Nordjylland";850;734;500;394;398;404;338;279;252;270;191;132;115;113
"Burglary - business and community";"Br�nderslev";60;44;22;23;15;13;9;8;18;10;8;4;7;8
"Burglary - business and community";"Frederikshavn";119;83;62;46;50;66;40;41;27;39;12;18;19;8
"Burglary - business and community";"Hj�rring";59;55;43;28;40;47;16;19;37;24;19;12;14;11
"Burglary - business and community";"Jammerbugt";43;59;23;15;34;14;24;21;12;9;11;7;4;12
"Burglary - business and community";"L�s�";0;0;0;0;0;0;0;0;1;0;0;0;0;0
"Burglary - business and community";"Mariagerfjord";64;72;59;42;77;37;22;27;17;27;29;11;13;10
"Burglary - business and community";"Mors�";27;16;22;21;13;12;35;19;10;13;4;4;4;8
"Burglary - business and community";"Rebild";32;31;21;14;27;20;19;9;13;21;18;10;6;6
"Burglary - business and community";"Thisted";51;39;42;35;37;65;38;23;31;15;10;14;9;12
"Burglary - business and community";"Vesthimmerlands";48;52;68;63;36;27;32;27;12;28;28;22;4;5
"Burglary - business and community";"Aalborg";347;283;138;107;69;103;103;85;74;84;52;30;35;33
"Burglary - business and community";"Unknown municipality";11;18;13;9;7;7;7;13;12;15;5;4;8;4
"Robbery";"All Denmark";1007;925;841;838;638;587;580;595;482;513;365;347;356;332
"Robbery";"Region Hovedstaden";556;490;497;490;342;302;318;319;217;263;218;155;173;166
"Robbery";"Copenhagen";276;270;324;284;165;176;209;204;135;169;131;110;105;95
"Robbery";"Frederiksberg";30;20;29;42;26;9;18;15;13;12;16;5;12;1
"Robbery";"Drag�r";0;0;1;2;0;0;0;0;0;1;0;0;0;0
"Robbery";"T�rnby";12;5;3;13;7;4;4;5;3;3;4;2;5;1
"Robbery";"Albertslund";8;9;4;7;5;6;2;4;6;2;0;4;0;0
"Robbery";"Ballerup";6;9;6;8;6;6;2;8;5;4;3;5;3;3
"Robbery";"Br�ndby";14;10;10;17;8;8;0;5;6;7;3;2;5;4
"Robbery";"Gentofte";5;3;6;5;5;6;7;7;4;6;6;2;2;4
"Robbery";"Gladsaxe";18;13;11;6;12;9;7;11;3;6;5;0;4;7
"Robbery";"Glostrup";7;12;5;6;4;0;3;1;6;3;2;0;2;1
"Robbery";"Herlev";8;9;9;7;10;2;4;5;3;1;4;2;1;11
"Robbery";"Hvidovre";13;18;12;21;8;12;10;10;4;6;6;3;5;5
"Robbery";"H�je-Taastrup";14;9;11;9;5;11;4;7;6;7;6;2;3;7
"Robbery";"Ish�j";15;8;5;3;9;7;6;4;4;5;3;0;2;2
"Robbery";"Lyngby-Taarb�k";15;9;7;6;6;4;5;3;4;3;3;0;1;2
"Robbery";"R�dovre";12;8;16;5;3;4;1;4;2;4;7;1;2;3
"Robbery";"Vallensb�k";6;4;2;6;1;0;0;2;0;1;1;0;0;2
"Robbery";"Aller�d";8;7;3;2;1;1;3;2;0;0;3;1;0;1
"Robbery";"Egedal";4;3;1;4;2;3;2;1;0;2;0;1;1;1
"Robbery";"Fredensborg";7;4;6;3;6;1;2;0;2;2;2;2;2;2
"Robbery";"Frederikssund";18;7;1;3;4;1;3;2;2;2;1;1;4;2
"Robbery";"Fures�";12;15;1;4;6;4;0;0;2;2;0;1;2;1
"Robbery";"Gribskov";4;1;3;0;8;2;1;1;1;2;1;0;0;1
"Robbery";"Halsn�s";7;4;2;0;1;4;2;2;1;1;0;2;0;1
"Robbery";"Helsing�r";14;10;9;13;18;8;7;6;1;8;3;4;3;2
"Robbery";"Hiller�d";12;14;3;8;5;4;6;3;3;3;3;1;4;5
"Robbery";"H�rsholm";1;1;3;2;6;5;4;5;0;0;1;1;2;0
"Robbery";"Rudersdal";9;5;3;3;5;3;5;2;1;1;4;3;1;0
"Robbery";"Bornholm";1;3;1;1;0;2;1;0;0;0;0;0;2;2
"Robbery";"Christians�";0;0;0;0;0;0;0;0;0;0;0;0;0;0
"Robbery";"Region Sj�lland";128;82;82;73;64;74;55;53;59;62;43;48;36;35
"Robbery";"Greve";8;9;8;5;5;6;4;4;4;3;2;5;5;2
"Robbery";"K�ge";6;8;6;5;4;5;5;0;2;9;2;5;2;0
"Robbery";"Lejre";1;1;1;1;2;3;1;3;2;1;0;1;0;1
"Robbery";"Roskilde";13;7;8;6;11;8;9;14;5;4;6;13;4;3
"Robbery";"Solr�d";7;3;1;1;0;0;1;1;1;2;0;0;0;1
"Robbery";"Faxe";4;0;6;3;0;2;3;1;3;2;2;0;1;0
"Robbery";"Guldborgsund";14;3;3;6;9;3;4;4;5;9;0;5;3;8
"Robbery";"Holb�k";6;9;9;9;4;9;5;5;6;3;4;0;2;5
"Robbery";"Kalundborg";8;4;3;5;2;5;3;3;5;1;5;2;0;5
"Robbery";"Lolland";7;1;2;1;3;4;7;5;1;4;3;4;2;1
"Robbery";"N�stved";12;7;7;7;3;8;2;1;4;6;2;5;5;3
"Robbery";"Odsherred";4;6;4;3;1;1;1;2;2;0;0;1;1;0
"Robbery";"Ringsted";2;2;3;5;6;5;4;1;3;1;4;2;1;1
"Robbery";"Slagelse";26;19;15;13;10;11;1;7;13;11;8;1;8;1
"Robbery";"Sor�";4;1;1;1;2;2;4;0;0;3;2;2;1;1
"Robbery";"Stevns";4;0;1;0;1;0;0;0;1;0;0;0;1;0
"Robbery";"Vordingborg";2;2;4;2;1;2;1;2;2;3;3;2;0;3
"Robbery";"Region Syddanmark";131;136;106;119;100;84;89;90;76;69;50;69;59;45
"Robbery";"Assens";1;3;3;6;1;2;0;1;1;4;2;2;0;0
"Robbery";"Faaborg-Midtfyn";2;2;3;4;2;3;1;1;0;1;3;1;1;0
"Robbery";"Kerteminde";0;3;2;2;2;0;1;2;1;0;2;1;2;1
"Robbery";"Langeland";0;2;0;1;0;0;0;0;1;1;0;0;0;0
"Robbery";"Middelfart";2;3;3;1;4;0;1;2;1;6;2;0;1;2
"Robbery";"Nordfyns";2;2;1;1;1;0;0;2;0;2;0;1;0;0
"Robbery";"Nyborg";3;5;2;4;3;3;1;1;0;0;0;1;0;1
"Robbery";"Odense";39;51;43;57;40;23;37;21;27;13;11;20;17;7
"Robbery";"Svendborg";7;4;5;0;3;5;2;3;5;7;1;2;4;1
"Robbery";"�r�";0;0;0;0;0;1;0;0;0;0;0;0;0;0
"Robbery";"Billund";2;1;5;1;2;1;0;0;0;0;2;1;0;0
"Robbery";"Esbjerg";4;18;5;4;12;10;4;11;8;9;5;7;6;11
"Robbery";"Fan�";0;0;0;0;0;0;0;0;0;0;0;0;0;0
"Robbery";"Fredericia";16;5;6;4;3;6;5;5;6;6;3;5;6;4
"Robbery";"Haderslev";5;5;4;5;5;6;4;1;2;3;2;4;0;1
"Robbery";"Kolding";13;7;2;4;3;3;9;15;6;4;2;9;5;6
"Robbery";"S�nderborg";5;3;3;5;2;2;4;3;3;1;4;3;5;0
"Robbery";"T�nder";4;1;2;0;4;1;3;2;3;1;2;0;1;1
"Robbery";"Varde";4;3;1;2;1;2;1;4;4;4;2;3;0;1
"Robbery";"Vejen";2;4;3;2;2;3;0;1;0;1;1;1;2;1
"Robbery";"Vejle";14;9;10;12;8;11;13;11;5;4;5;6;8;6
"Robbery";"Aabenraa";6;5;3;4;2;2;3;4;3;2;1;2;1;2
"Robbery";"Region Midtjylland";145;141;125;117;107;88;100;93;91;70;44;53;66;64
"Robbery";"Favrskov";0;2;2;1;1;0;0;1;1;5;1;0;1;0
"Robbery";"Hedensted";0;2;2;3;1;3;3;3;1;3;0;1;0;0
"Robbery";"Horsens";7;14;5;2;6;7;6;12;4;5;4;2;3;5
"Robbery";"Norddjurs";3;6;2;1;5;2;2;1;0;2;0;0;0;2
"Robbery";"Odder";1;2;1;1;0;0;0;3;1;0;1;0;0;0
"Robbery";"Randers";6;12;6;10;7;5;7;6;12;5;7;4;6;6
"Robbery";"Sams�";0;0;0;0;0;0;0;0;0;0;0;0;0;0
"Robbery";"Silkeborg";12;4;12;10;5;4;1;3;3;2;1;4;4;1
"Robbery";"Skanderborg";3;2;1;7;2;5;1;1;1;0;1;0;2;0
"Robbery";"Syddjurs";1;3;1;3;2;1;1;3;2;1;1;1;0;1
"Robbery";"Aarhus";88;63;69;52;53;50;57;34;56;35;18;27;31;39
"Robbery";"Herning";9;11;8;10;9;5;7;10;3;2;2;3;3;3
"Robbery";"Holstebro";1;3;1;5;7;2;2;2;2;3;2;5;3;1
"Robbery";"Ikast-Brande";0;4;2;1;2;0;8;3;2;0;1;1;0;2
"Robbery";"Lemvig";0;1;0;0;0;0;0;0;0;0;0;0;0;0
"Robbery";"Ringk�bing-Skjern";1;1;2;3;1;1;2;3;0;0;1;0;2;1
"Robbery";"Skive";2;5;2;0;1;1;1;2;0;2;1;2;1;1
"Robbery";"Struer";3;1;0;1;2;1;0;3;0;0;0;0;6;0
"Robbery";"Viborg";8;5;9;7;3;1;2;3;3;5;3;3;4;2
"Robbery";"Region Nordjylland";40;71;30;36;25;39;17;38;36;42;8;21;21;20
"Robbery";"Br�nderslev";3;4;2;0;4;0;1;1;2;0;0;0;0;0
"Robbery";"Frederikshavn";1;4;5;2;2;4;1;6;0;2;3;1;2;1
"Robbery";"Hj�rring";4;6;2;5;1;6;0;4;2;3;1;5;1;0
"Robbery";"Jammerbugt";4;3;0;2;0;0;3;1;1;2;0;1;2;3
"Robbery";"L�s�";0;0;0;0;0;0;0;0;0;0;0;0;0;0
"Robbery";"Mariagerfjord";3;2;0;0;0;1;1;1;3;3;0;1;2;0
"Robbery";"Mors�";1;3;2;0;2;1;0;0;1;0;0;0;0;0
"Robbery";"Rebild";0;0;2;1;1;2;0;0;1;0;0;0;0;0
"Robbery";"Thisted";1;1;0;2;2;2;0;1;1;0;0;0;0;0
"Robbery";"Vesthimmerlands";5;5;1;4;0;2;1;1;1;2;1;0;1;1
"Robbery";"Aalborg";18;43;16;20;13;21;10;23;24;30;3;13;13;15
"Robbery";"Unknown municipality";7;5;1;3;0;0;1;2;3;7;2;1;1;2
"Trafficking of drugs, etc.";"All Denmark";257;206;215;265;220;228;224;206;273;273;338;262;349;333
"Trafficking of drugs, etc.";"Region Hovedstaden";69;50;81;107;116;105;102;92;118;105;135;92;152;120
"Trafficking of drugs, etc.";"Copenhagen";33;28;50;61;74;68;66;54;68;69;81;55;79;74
"Trafficking of drugs, etc.";"Frederiksberg";4;2;2;5;6;8;1;3;8;6;9;6;5;10
"Trafficking of drugs, etc.";"Drag�r";1;0;1;0;0;1;0;1;0;0;0;0;2;0
"Trafficking of drugs, etc.";"T�rnby";2;2;4;3;1;5;8;2;7;3;0;2;1;5
"Trafficking of drugs, etc.";"Albertslund";3;0;1;1;1;2;0;3;7;4;2;3;5;3
"Trafficking of drugs, etc.";"Ballerup";3;0;5;2;9;2;7;4;3;2;1;2;3;0
"Trafficking of drugs, etc.";"Br�ndby";1;1;0;3;0;2;0;2;7;3;2;1;5;0
"Trafficking of drugs, etc.";"Gentofte";1;0;0;1;0;0;0;0;0;1;1;0;3;1
"Trafficking of drugs, etc.";"Gladsaxe";2;2;1;3;0;2;3;4;1;2;7;2;5;5
"Trafficking of drugs, etc.";"Glostrup";3;1;1;3;5;1;2;2;2;0;3;0;3;4
"Trafficking of drugs, etc.";"Herlev";2;2;3;3;0;0;2;0;0;1;0;4;1;1
"Trafficking of drugs, etc.";"Hvidovre";1;3;1;4;4;1;4;3;3;0;3;2;7;1
"Trafficking of drugs, etc.";"H�je-Taastrup";1;0;0;0;0;0;0;0;3;2;3;4;2;3
"Trafficking of drugs, etc.";"Ish�j";0;0;0;2;1;2;1;2;1;0;4;0;3;5
"Trafficking of drugs, etc.";"Lyngby-Taarb�k";3;0;0;0;0;1;1;1;1;2;1;3;5;0
"Trafficking of drugs, etc.";"R�dovre";2;2;3;3;2;0;0;3;1;1;3;2;3;0
"Trafficking of drugs, etc.";"Vallensb�k";0;0;0;0;0;0;0;0;2;1;0;0;0;0
"Trafficking of drugs, etc.";"Aller�d";0;0;0;1;0;1;0;1;0;0;0;0;0;1
"Trafficking of drugs, etc.";"Egedal";0;1;0;0;1;0;0;0;0;0;1;0;2;0
"Trafficking of drugs, etc.";"Fredensborg";0;0;1;0;0;0;2;0;0;0;0;0;1;2
"Trafficking of drugs, etc.";"Frederikssund";0;0;0;2;2;0;2;1;1;0;0;1;2;0
"Trafficking of drugs, etc.";"Fures�";1;0;1;0;0;0;0;0;0;0;0;0;1;1
"Trafficking of drugs, etc.";"Gribskov";1;0;0;2;1;1;0;0;1;1;3;0;0;2
"Trafficking of drugs, etc.";"Halsn�s";3;1;0;2;3;3;1;2;0;2;1;0;1;0
"Trafficking of drugs, etc.";"Helsing�r";0;0;2;1;1;1;0;1;1;1;3;0;3;1
"Trafficking of drugs, etc.";"Hiller�d";0;0;1;1;1;0;0;2;0;0;1;0;1;0
"Trafficking of drugs, etc.";"H�rsholm";0;0;1;0;1;0;0;0;0;0;1;0;0;0
"Trafficking of drugs, etc.";"Rudersdal";0;1;0;2;1;0;0;0;0;0;0;0;5;0
"Trafficking of drugs, etc.";"Bornholm";2;4;3;2;2;4;2;1;1;4;5;5;4;1
"Trafficking of drugs, etc.";"Christians�";0;0;0;0;0;0;0;0;0;0;0;0;0;0
"Trafficking of drugs, etc.";"Region Sj�lland";18;16;22;17;17;23;18;21;12;29;29;21;31;43
"Trafficking of drugs, etc.";"Greve";0;0;1;0;0;1;1;1;0;0;0;2;6;6
"Trafficking of drugs, etc.";"K�ge";5;2;0;0;1;2;1;2;1;0;2;0;1;4
"Trafficking of drugs, etc.";"Lejre";0;0;1;0;0;0;0;0;0;0;2;0;1;0
"Trafficking of drugs, etc.";"Roskilde";0;2;0;1;5;2;2;0;1;0;2;3;3;2
"Trafficking of drugs, etc.";"Solr�d";0;0;0;0;0;2;2;2;0;0;2;1;2;0
"Trafficking of drugs, etc.";"Faxe";1;0;1;1;0;3;0;0;2;0;0;2;0;2
"Trafficking of drugs, etc.";"Guldborgsund";3;1;1;2;4;2;1;4;5;7;3;1;3;5
"Trafficking of drugs, etc.";"Holb�k";4;1;1;0;1;0;0;0;1;1;0;0;1;6
"Trafficking of drugs, etc.";"Kalundborg";1;1;1;5;1;0;2;2;1;0;3;0;1;0
"Trafficking of drugs, etc.";"Lolland";1;0;0;1;0;0;0;0;0;1;1;1;3;1
"Trafficking of drugs, etc.";"N�stved";0;2;6;1;3;4;2;3;0;4;5;5;2;7
"Trafficking of drugs, etc.";"Odsherred";2;0;0;1;0;1;0;1;0;1;1;0;0;1
"Trafficking of drugs, etc.";"Ringsted";0;0;1;0;0;1;0;0;0;1;0;0;1;1
"Trafficking of drugs, etc.";"Slagelse";1;4;4;4;1;4;6;5;0;2;6;3;5;4
"Trafficking of drugs, etc.";"Sor�";0;2;4;1;0;1;0;0;1;1;1;0;2;4
"Trafficking of drugs, etc.";"Stevns";0;0;0;0;0;0;1;0;0;1;0;0;0;0
"Trafficking of drugs, etc.";"Vordingborg";0;1;1;0;1;0;0;1;0;10;1;3;0;0
"Trafficking of drugs, etc.";"Region Syddanmark";87;77;44;59;36;40;39;25;54;50;58;39;46;38
"Trafficking of drugs, etc.";"Assens";14;4;0;1;0;0;1;0;0;3;2;1;0;0
"Trafficking of drugs, etc.";"Faaborg-Midtfyn";7;20;5;1;0;0;0;0;1;0;1;0;0;2
"Trafficking of drugs, etc.";"Kerteminde";0;0;1;0;0;0;1;2;1;2;0;2;1;0
"Trafficking of drugs, etc.";"Langeland";0;0;0;0;1;1;0;0;1;3;0;0;1;0
"Trafficking of drugs, etc.";"Middelfart";13;0;1;1;1;0;0;3;3;0;1;1;0;0
"Trafficking of drugs, etc.";"Nordfyns";1;0;0;2;0;1;1;0;2;0;0;2;1;0
"Trafficking of drugs, etc.";"Nyborg";0;1;0;0;0;4;1;3;0;0;0;2;1;2
"Trafficking of drugs, etc.";"Odense";10;5;9;2;5;5;5;1;10;3;14;5;7;9
"Trafficking of drugs, etc.";"Svendborg";4;0;1;4;2;3;1;0;4;4;0;1;2;6
"Trafficking of drugs, etc.";"�r�";0;0;0;0;0;0;0;0;0;0;0;0;0;0
"Trafficking of drugs, etc.";"Billund";0;0;0;0;0;0;1;1;0;2;2;0;2;2
"Trafficking of drugs, etc.";"Esbjerg";9;15;2;19;6;1;7;5;5;9;4;5;3;4
"Trafficking of drugs, etc.";"Fan�";0;0;0;0;0;0;0;0;0;0;0;0;0;0
"Trafficking of drugs, etc.";"Fredericia";7;7;7;1;5;7;5;2;3;3;2;4;3;2
"Trafficking of drugs, etc.";"Haderslev";2;0;0;0;1;0;2;1;0;6;3;2;3;3
"Trafficking of drugs, etc.";"Kolding";1;3;5;8;2;3;0;2;2;6;7;1;8;2
"Trafficking of drugs, etc.";"S�nderborg";2;7;4;2;0;5;3;1;7;2;5;2;13;2
"Trafficking of drugs, etc.";"T�nder";4;3;0;5;1;0;1;0;2;0;0;2;0;2
"Trafficking of drugs, etc.";"Varde";2;0;2;1;4;1;1;0;2;0;3;0;0;1
"Trafficking of drugs, etc.";"Vejen";2;1;0;6;4;1;3;0;2;1;1;2;0;0
"Trafficking of drugs, etc.";"Vejle";2;8;5;3;4;5;4;3;5;5;6;5;0;1
"Trafficking of drugs, etc.";"Aabenraa";7;3;2;3;0;3;2;1;4;1;7;2;1;0
"Trafficking of drugs, etc.";"Region Midtjylland";45;47;38;32;28;34;30;29;43;51;58;33;59;47
"Trafficking of drugs, etc.";"Favrskov";0;3;0;1;1;1;0;1;1;0;0;2;2;1
"Trafficking of drugs, etc.";"Hedensted";0;0;0;0;0;0;2;1;1;1;2;2;2;0
"Trafficking of drugs, etc.";"Horsens";3;2;11;3;2;3;1;3;6;5;12;3;4;1
"Trafficking of drugs, etc.";"Norddjurs";3;3;0;5;2;0;1;0;1;1;1;3;1;0
"Trafficking of drugs, etc.";"Odder";0;0;0;0;0;0;0;0;0;0;0;1;0;0
"Trafficking of drugs, etc.";"Randers";4;9;6;2;2;6;2;2;2;5;9;2;8;7
"Trafficking of drugs, etc.";"Sams�";0;0;0;0;0;0;0;0;0;0;0;0;0;0
"Trafficking of drugs, etc.";"Silkeborg";1;2;2;1;5;4;1;3;6;4;2;2;0;2
"Trafficking of drugs, etc.";"Skanderborg";1;3;0;5;0;0;2;0;0;1;1;0;4;2
"Trafficking of drugs, etc.";"Syddjurs";1;2;0;1;0;0;1;1;2;1;3;0;1;0
"Trafficking of drugs, etc.";"Aarhus";16;14;7;11;9;2;11;10;9;13;13;10;14;16
"Trafficking of drugs, etc.";"Herning";4;1;7;0;1;11;3;1;2;2;2;1;3;1
"Trafficking of drugs, etc.";"Holstebro";1;1;2;0;0;2;2;1;1;0;4;5;1;3
"Trafficking of drugs, etc.";"Ikast-Brande";0;1;0;1;1;0;0;1;2;3;1;0;2;0
"Trafficking of drugs, etc.";"Lemvig";1;0;0;0;0;0;0;0;0;0;1;0;0;0
"Trafficking of drugs, etc.";"Ringk�bing-Skjern";0;2;0;0;3;1;0;0;2;2;0;0;0;2
"Trafficking of drugs, etc.";"Skive";0;1;1;0;0;0;0;1;1;7;0;1;6;3
"Trafficking of drugs, etc.";"Struer";0;1;0;0;0;3;0;2;1;0;0;0;0;1
"Trafficking of drugs, etc.";"Viborg";10;2;2;2;2;1;4;2;6;6;7;1;11;8
"Trafficking of drugs, etc.";"Region Nordjylland";13;10;17;38;13;7;16;19;23;23;17;16;22;35
"Trafficking of drugs, etc.";"Br�nderslev";1;0;0;0;0;0;0;1;1;1;2;1;0;3
"Trafficking of drugs, etc.";"Frederikshavn";0;1;2;11;4;0;0;0;0;1;0;4;2;1
"Trafficking of drugs, etc.";"Hj�rring";1;1;3;1;2;0;0;1;2;1;3;0;5;4
"Trafficking of drugs, etc.";"Jammerbugt";0;0;1;2;0;2;1;2;3;2;0;0;1;3
"Trafficking of drugs, etc.";"L�s�";0;0;0;0;0;0;0;0;0;0;0;0;0;0
"Trafficking of drugs, etc.";"Mariagerfjord";1;0;2;2;0;0;0;2;0;3;0;2;0;0
"Trafficking of drugs, etc.";"Mors�";2;2;1;2;0;0;0;0;1;1;0;2;0;0
"Trafficking of drugs, etc.";"Rebild";0;0;0;2;0;0;3;0;1;0;0;0;0;0
"Trafficking of drugs, etc.";"Thisted";0;1;0;0;0;1;2;0;6;3;4;1;3;2
"Trafficking of drugs, etc.";"Vesthimmerlands";1;1;1;1;1;1;0;1;2;0;0;0;3;2
"Trafficking of drugs, etc.";"Aalborg";7;4;7;17;6;3;10;12;7;11;8;6;8;20
"Trafficking of drugs, etc.";"Unknown municipality";25;6;13;12;10;19;19;20;23;15;41;61;39;50
"The Offensive Weapons Act";"All Denmark";1566;1659;1774;1708;1795;2185;2638;2142;4683;3434;3000;2414;2053;2757
"The Offensive Weapons Act";"Region Hovedstaden";436;492;640;755;801;785;838;719;1219;1059;964;807;706;755
"The Offensive Weapons Act";"Copenhagen";234;253;362;371;403;408;404;304;446;460;411;347;325;322
"The Offensive Weapons Act";"Frederiksberg";13;12;22;18;17;17;19;28;35;16;37;16;24;27
"The Offensive Weapons Act";"Drag�r";5;2;5;0;4;2;3;3;4;7;6;3;2;8
"The Offensive Weapons Act";"T�rnby";25;24;24;56;39;29;37;41;50;41;24;28;37;50
"The Offensive Weapons Act";"Albertslund";8;6;6;15;6;12;17;22;22;19;20;18;7;10
"The Offensive Weapons Act";"Ballerup";18;12;29;30;29;13;27;30;46;31;38;25;18;26
"The Offensive Weapons Act";"Br�ndby";10;22;14;19;24;44;24;19;26;29;32;20;24;10
"The Offensive Weapons Act";"Gentofte";6;6;5;8;12;6;15;9;19;14;12;15;9;7
"The Offensive Weapons Act";"Gladsaxe";9;10;14;51;34;14;26;38;55;36;20;23;23;12
"The Offensive Weapons Act";"Glostrup";9;12;17;13;25;15;22;14;39;37;19;27;6;24
"The Offensive Weapons Act";"Herlev";4;9;5;15;18;18;10;12;28;15;14;15;7;9
"The Offensive Weapons Act";"Hvidovre";13;11;24;15;30;22;38;30;38;39;33;23;19;13
"The Offensive Weapons Act";"H�je-Taastrup";12;12;24;23;13;21;18;26;31;30;28;41;21;26
"The Offensive Weapons Act";"Ish�j";6;7;5;9;13;8;8;5;33;29;14;16;13;12
"The Offensive Weapons Act";"Lyngby-Taarb�k";5;9;5;4;7;7;12;7;19;9;13;8;9;10
"The Offensive Weapons Act";"R�dovre";7;13;25;16;14;16;21;24;35;39;41;20;13;21
"The Offensive Weapons Act";"Vallensb�k";2;2;1;1;10;5;5;3;6;3;5;4;3;3
"The Offensive Weapons Act";"Aller�d";1;1;2;2;2;5;7;5;13;6;5;4;3;3
"The Offensive Weapons Act";"Egedal";0;6;6;2;2;14;13;14;15;14;13;11;9;5
"The Offensive Weapons Act";"Fredensborg";2;5;3;11;5;12;7;9;16;21;12;19;8;11
"The Offensive Weapons Act";"Frederikssund";4;9;8;2;14;15;24;9;44;23;29;14;17;12
"The Offensive Weapons Act";"Fures�";4;0;2;4;2;6;9;6;14;11;6;8;6;16
"The Offensive Weapons Act";"Gribskov";3;4;4;4;9;6;11;5;28;20;21;17;18;14
"The Offensive Weapons Act";"Halsn�s";2;6;4;9;14;5;7;11;39;13;22;13;18;13
"The Offensive Weapons Act";"Helsing�r";14;14;7;21;24;24;21;19;43;36;21;22;15;22
"The Offensive Weapons Act";"Hiller�d";4;9;6;19;11;23;17;9;23;21;15;24;19;19
"The Offensive Weapons Act";"H�rsholm";2;1;2;6;1;3;3;2;11;6;10;6;4;15
"The Offensive Weapons Act";"Rudersdal";3;6;5;1;5;3;6;3;14;15;18;9;11;15
"The Offensive Weapons Act";"Bornholm";11;9;4;10;14;12;7;12;27;19;25;11;18;20
"The Offensive Weapons Act";"Christians�";0;0;0;0;0;0;0;0;0;0;0;0;0;0
"The Offensive Weapons Act";"Region Sj�lland";228;260;287;203;200;199;303;322;758;682;477;405;273;383
"The Offensive Weapons Act";"Greve";12;8;21;15;13;14;15;13;24;31;28;17;15;20
"The Offensive Weapons Act";"K�ge";17;21;18;28;17;20;27;32;42;40;34;33;14;28
"The Offensive Weapons Act";"Lejre";1;8;7;4;3;5;4;4;14;32;10;15;6;13
"The Offensive Weapons Act";"Roskilde";27;21;31;14;27;18;35;24;55;63;32;39;34;32
"The Offensive Weapons Act";"Solr�d";1;6;7;2;2;3;3;4;13;11;10;8;2;4
"The Offensive Weapons Act";"Faxe";14;5;6;8;6;17;3;11;31;19;23;20;9;15
"The Offensive Weapons Act";"Guldborgsund";30;25;36;26;32;16;22;32;83;65;46;33;22;40
"The Offensive Weapons Act";"Holb�k";7;31;24;18;20;16;20;41;85;81;53;52;27;23
"The Offensive Weapons Act";"Kalundborg";5;16;14;11;10;5;15;14;43;77;25;12;12;18
"The Offensive Weapons Act";"Lolland";15;23;16;10;18;12;31;46;76;47;34;36;29;33
"The Offensive Weapons Act";"N�stved";20;21;23;24;17;19;37;31;69;37;44;31;34;30
"The Offensive Weapons Act";"Odsherred";10;17;12;3;5;9;12;6;27;34;25;18;10;21
"The Offensive Weapons Act";"Ringsted";12;12;10;7;5;9;23;11;51;25;20;15;13;16
"The Offensive Weapons Act";"Slagelse";27;26;31;19;14;23;32;29;68;62;53;43;20;33
"The Offensive Weapons Act";"Sor�";10;6;9;5;4;2;12;8;15;8;14;11;7;19
"The Offensive Weapons Act";"Stevns";8;3;8;3;3;3;4;4;19;9;4;3;3;16
"The Offensive Weapons Act";"Vordingborg";12;11;14;6;4;8;8;12;43;41;22;19;16;22
"The Offensive Weapons Act";"Region Syddanmark";364;395;361;333;355;517;619;455;1129;692;640;541;479;611
"The Offensive Weapons Act";"Assens";12;7;9;4;9;12;18;11;31;22;20;15;11;11
"The Offensive Weapons Act";"Faaborg-Midtfyn";7;12;10;5;7;19;15;6;39;25;13;11;11;20
"The Offensive Weapons Act";"Kerteminde";4;4;6;9;2;3;4;7;21;7;6;6;6;8
"The Offensive Weapons Act";"Langeland";6;2;3;1;4;6;6;4;14;3;8;4;3;7
"The Offensive Weapons Act";"Middelfart";19;8;14;6;8;9;11;7;28;12;20;5;9;14
"The Offensive Weapons Act";"Nordfyns";1;3;13;8;5;6;18;4;37;9;12;7;5;12
"The Offensive Weapons Act";"Nyborg";15;6;7;1;2;12;13;13;23;18;13;16;9;18
"The Offensive Weapons Act";"Odense";63;64;84;76;63;88;114;70;145;90;117;110;86;108
"The Offensive Weapons Act";"Svendborg";14;14;15;3;10;12;16;19;47;37;26;25;23;26
"The Offensive Weapons Act";"�r�";1;0;3;0;0;2;3;1;4;0;2;0;0;1
"The Offensive Weapons Act";"Billund";10;22;4;8;14;23;11;11;31;26;17;33;33;29
"The Offensive Weapons Act";"Esbjerg";25;33;46;28;34;44;51;92;126;76;93;63;52;62
"The Offensive Weapons Act";"Fan�";0;0;0;1;0;3;0;0;2;1;3;0;0;3
"The Offensive Weapons Act";"Fredericia";32;32;25;14;24;38;42;22;47;40;29;19;26;36
"The Offensive Weapons Act";"Haderslev";11;18;9;13;20;31;35;24;46;31;38;21;19;23
"The Offensive Weapons Act";"Kolding";26;21;10;31;36;31;33;34;103;60;32;45;31;59
"The Offensive Weapons Act";"S�nderborg";17;25;10;14;11;25;29;16;53;52;44;31;29;24
"The Offensive Weapons Act";"T�nder";11;9;10;8;4;16;20;12;40;25;26;17;15;19
"The Offensive Weapons Act";"Varde";7;6;9;10;10;16;33;15;53;16;17;13;12;26
"The Offensive Weapons Act";"Vejen";12;15;13;12;10;27;21;10;47;25;6;5;7;20
"The Offensive Weapons Act";"Vejle";26;38;25;24;30;55;59;24;94;51;52;52;43;60
"The Offensive Weapons Act";"Aabenraa";45;56;36;57;52;39;67;53;98;66;46;43;49;25
"The Offensive Weapons Act";"Region Midtjylland";329;309;332;264;295;449;577;438;1032;691;627;476;426;643
"The Offensive Weapons Act";"Favrskov";10;10;7;3;5;16;14;2;20;23;12;14;4;20
"The Offensive Weapons Act";"Hedensted";1;5;8;6;10;18;19;9;39;19;21;16;7;24
"The Offensive Weapons Act";"Horsens";22;23;49;32;19;45;37;31;93;43;52;60;38;44
"The Offensive Weapons Act";"Norddjurs";7;14;8;9;16;17;25;13;48;32;22;13;12;21
"The Offensive Weapons Act";"Odder";4;2;9;2;2;9;17;6;14;8;8;4;5;15
"The Offensive Weapons Act";"Randers";53;23;28;20;27;35;43;38;92;58;70;45;39;54
"The Offensive Weapons Act";"Sams�";0;0;2;0;0;0;5;0;3;3;1;4;1;5
"The Offensive Weapons Act";"Silkeborg";25;24;29;21;20;22;31;29;62;48;37;25;26;52
"The Offensive Weapons Act";"Skanderborg";8;7;8;12;8;18;9;9;39;17;12;14;7;17
"The Offensive Weapons Act";"Syddjurs";7;5;9;7;9;16;18;7;42;15;18;6;6;31
"The Offensive Weapons Act";"Aarhus";84;115;85;87;106;125;223;142;218;206;192;124;192;153
"The Offensive Weapons Act";"Herning";20;7;24;12;18;24;34;20;79;47;46;20;24;46
"The Offensive Weapons Act";"Holstebro";12;21;21;12;12;15;24;19;47;34;35;31;17;32
"The Offensive Weapons Act";"Ikast-Brande";14;6;14;9;6;12;11;14;38;20;17;16;5;18
"The Offensive Weapons Act";"Lemvig";5;4;1;0;2;4;5;5;16;8;12;7;1;11
"The Offensive Weapons Act";"Ringk�bing-Skjern";9;19;5;3;4;17;21;10;38;23;11;14;6;21
"The Offensive Weapons Act";"Skive";5;5;4;13;9;17;13;15;43;19;13;14;17;23
"The Offensive Weapons Act";"Struer";0;2;0;2;3;10;3;11;17;15;12;9;5;10
"The Offensive Weapons Act";"Viborg";43;17;21;14;19;29;25;58;84;53;36;40;14;46
"The Offensive Weapons Act";"Region Nordjylland";193;196;127;149;113;228;285;197;539;306;284;182;169;336
"The Offensive Weapons Act";"Br�nderslev";5;9;6;3;5;12;13;19;31;20;18;11;15;23
"The Offensive Weapons Act";"Frederikshavn";19;20;16;22;11;19;36;17;63;36;26;16;21;39
"The Offensive Weapons Act";"Hj�rring";10;10;5;10;11;30;34;24;44;44;37;32;21;34
"The Offensive Weapons Act";"Jammerbugt";7;5;2;5;5;17;25;5;30;12;12;5;7;32
"The Offensive Weapons Act";"L�s�";0;1;0;1;0;1;1;0;1;1;0;0;0;0
"The Offensive Weapons Act";"Mariagerfjord";24;16;3;8;12;23;19;15;46;24;13;9;12;23
"The Offensive Weapons Act";"Mors�";0;4;4;1;1;2;1;4;16;7;7;4;1;6
"The Offensive Weapons Act";"Rebild";12;12;2;1;1;7;15;5;39;10;18;5;2;16
"The Offensive Weapons Act";"Thisted";5;10;4;9;3;15;20;9;34;17;11;12;11;25
"The Offensive Weapons Act";"Vesthimmerlands";5;10;4;17;8;18;18;13;38;13;10;6;4;12
"The Offensive Weapons Act";"Aalborg";106;99;81;72;56;84;103;86;197;122;132;82;75;126
"The Offensive Weapons Act";"Unknown municipality";16;7;27;4;31;7;16;11;6;4;8;3;0;29
